{
    "SOP File": "LAB-3081",
    "MitM Version": 1.01,
    "Extraction Time": "12/13/2021 16:31:20",
    "Header": {
        "Status": "Effective",
        "Effective-Date": "25-Aug-2021",
        "Version": "15.0",
        "Doc-Name": "LAB-3081",
        "Title": "European Pharmacopoeia and Japanese Pharmacopoeia Color, Clarity and Visible Particulates Test Methods for Drug Product and Drug Substance"
    },
    "PURPOSE": [
        "The purpose of this procedure is to describe the process for measuring the reconstitution time and appearance (color, clarity, and visible particulates) of Biotherapeutic Products."
    ],
    "SCOPE": [
        "This procedure applies to the determination of reconstitution time and appearance (color, clarity and visible particulates) of Biotherapeutic Products which may include: Drug Substance (DS) (including Drug Substance Intermediate DSI)), Drug Product (DP), Starting Materials (SM), and placebo."
    ],
    "PRINCIPLE": [
        "The appearance of a solution is used to determine product quality. The appearance of a solution can be described in terms of color, clarity, and presence of plainly visible particulate matter. This procedure follows the European Pharmacopoeia (Ph. Eur.) 2.2.1 (clarity), 2.2.2 (color) and 2.9.20 (visible particulates) compendial methods and the Japanese Pharmacopoeia (JP) 2.61 (clarity), 2.65 (color) and 6.06 (visible particulates) compendial methods.",
        "The determination of color in a solution has both a subjective and objective component and cannot be described solely in spectrophotometric terms. Color, as perceived by the observer, is a function of three variables:",
        [
            "1. spectral properties of the object/solution, both absorptive and reflective ",
            "2. spectral properties of the source of illumination ",
            "3. visual characteristics. Colorlessness is one extreme of the color scale. It implies the complete absence of color, and therefore the visible spectrum of the object lacks absorbance."
        ],
        "The degree of clarity or opalescence can be determined by instrumental measurement of the light absorbed or scattered using a turbidimeter.",
        "Visible particulate contamination consists of extraneous, mobile, un-dissolved particles, other than gas bubbles, present in the solution. The test is intended to provide a simple procedure for the visual assessment of the quality of solutions as it regards visible particles. Presence of visible particulates can be described in terms of approximate number and physical description.",
        "Reconstitution time is the time required to fully dissolve lyophilized powder or cake.",
        "The visual examination of lyophilized drug product is performed to evaluate the product for color, appearance, the absence of particulate matter, the absence of visible moisture, and the absence of defects described in this procedure."
    ],
    "RESPONSIBILITY": [
        "It is the responsibility of Quality Control (QC) laboratory personnel to follow this procedure as described and update it when necessary.",
        "5.0 DEFINITIONS Clarity The solutions haze, opalescence, turbidity, or absence of haze. Color The perception or subjective response by an observer to the objective stimulus of radiant energy in the visible spectrum extending over the range 400 nm to 700 nm in wavelength. Colorless The absence of color. The visible spectrum of the solution lacks absorbance. The observer is able to perceive no absorption, taking place in the visible spectrum. Luminous Flux The quantity of the energy of the light emitted per second in all directions. The unit of luminous flux is lumen (lm). Lux The unit of illumination in Standard International (SI). One lux is the illuminance of 1 m² surface area uniformly lighted by 1 lm of luminous flux. Meltback A form of cake collapse caused by incomplete sublimation (change from the solid to vapor state) in the vial during lyophilization, resulting in change from the solid to liquid state. This may result in a pocket of moisture, greater instability and/or increased product degradation. Particles Visible particulate contamination consists of extraneous, mobile, un- dissolved particles, other than gas bubbles, unintentionally present in the solution. Reconstitution Time The time required to fully dissolve lyophilized powder or cake. Turbidimetry The optical property expressed as turbidity is the interaction between light and suspended particles in liquid. This is an expression of the optical property that causes light to be scattered and absorbed rather than transmitted in a straight line through the sample. The quantity of a solid material in suspension can be determined by the measurement of the transmitted light. A linear relationship between turbidity and concentration is obtained when the particle sizes are uniform and homogeneous in the suspension. Typical Particles Certain types of particles can be introduced by sample handling and may not be a valid measure of product quality. These particles may be present in vessels used to store samples, transfer implements, or may be introduced from the environment when the sample is being transferred to a clear vial for this assay. Such particles may be allowed and will be described further in this method. avr TMS-000003591 Site Code / Department / Doc Alias Quality Control Analytical",
        "5.0 DEFINITIONS Clarity The solutions haze, opalescence, turbidity, or absence of haze. Color The perception or subjective response by an observer to the objective stimulus of radiant energy in the visible spectrum extending over the range 400 nm to 700 nm in wavelength. Colorless The absence of color. The visible spectrum of the solution lacks absorbance. The observer is able to perceive no absorption, taking place in the visible spectrum. Luminous Flux The quantity of the energy of the light emitted per second in all directions. The unit of luminous flux is lumen (lm). Lux The unit of illumination in Standard International (SI). One lux is the illuminance of 1 m² surface area uniformly lighted by 1 lm of luminous flux. Meltback A form of cake collapse caused by incomplete sublimation (change from the solid to vapor state) in the vial during lyophilization, resulting in change from the solid to liquid state. This may result in a pocket of moisture, greater instability and/or increased product degradation. Particles Visible particulate contamination consists of extraneous, mobile, un- dissolved particles, other than gas bubbles, unintentionally present in the solution. Reconstitution Time The time required to fully dissolve lyophilized powder or cake. Turbidimetry The optical property expressed as turbidity is the interaction between light and suspended particles in liquid. This is an expression of the optical property that causes light to be scattered and absorbed rather than transmitted in a straight line through the sample. The quantity of a solid material in suspension can be determined by the measurement of the transmitted light. A linear relationship between turbidity and concentration is obtained when the particle sizes are uniform and homogeneous in the suspension. Typical Particles Certain types of particles can be introduced by sample handling and may not be a valid measure of product quality. These particles may be present in vessels used to store samples, transfer implements, or may be introduced from the environment when the sample is being transferred to a clear vial for this assay. Such particles may be allowed and will be described further in this method."
    ],
    "STEP 1": [
        {
            "EQUIPMENT": [
                [
                    [
                        "Viewing station consisting of an appropriate light source and vertical, non-glare white and matt black panel backgrounds. The light source must be capable of producing light where intensity of illumination, at the viewing point, is maintained between 2000 lux and 3750 lux.",
                        "Calibrated light meter capable of reading at least 0 – 10,000 lux.",
                        "Colorless, transparent, particle-free, neutral glass sample tubes with appropriate cap or closure. For example, Kimble product # 60965D 12.",
                        "HACH 2100AN Turbidimeter (HACH Cat. #4700100)",
                        "HACH TL2350 Turbidimeter (HACH Cat. #LPV444.99.00310)",
                        "HACH cell adapter, 12 - 13 mm (HACH #30334-000)",
                        "HACH Cell adapter, 11mm (HACH Cat #LPZ444.99.00001)",
                        "HACH filter module for USEPA method 180.1 (HACH Cat. #30312-00, or 9653500)",
                        "Printer (HACH Cat # LQV161.53.10000, or equivalent)",
                        "Thermal printer paper (HACH 5836000 or equivalent)",
                        "Disposable glass culture tubes, 12 x 75 mm (Example: VWR Cat. #47729-570)",
                        "Disposable glass culture tubes, 11 mm (HACH #LYY621, or Fisher Cat #50-199-7847)",
                        "12 x 32mm glass vials with flat bases (e.g. National Scientific C4011-80 or equivalent)",
                        "Appropriate glassware, containers, tubes, syringes, pipettes, Low lint wipe/tissue, and general laboratory equipment.",
                        "Syringe filter (PALL Cat. #4614 or equivalent)",
                        "Needle filter (Covidien Cat. #8881305018 or equivalent)",
                        "Calibrated Timer",
                        "Vacuum Desiccator",
                        "Vacuum inlet source"
                    ]
                ]
            ]
        },
        {
            "MATERIALS": [
                [
                    [
                        "Particle free purified water. Water for Injection (WFI) or 0.2µm filtered purified water (Example: Milli Q).",
                        "Silicone oil (HACH Cat. #1269-36 or equivalent)",
                        "Formazin Turbidity Standard StablCAl ® 4000 NTU (HACH Cat. #2461-42)",
                        "Formazin Turbidity Standard StablCAl ® 1000 NTU (HACH Cat. #26606-42)",
                        "Formazin Turbidity Standard StablCAl ® 200 NTU (HACH 26604-42)",
                        "Formazin Turbidity Standard StablCAl ® 40 NTU (HACH 27463-53, or equivalent)",
                        "Formazin Turbidity Standard StablCAl ® 20 NTU (HACH 26601-42)",
                        "Commercial Color Reference Solutions - Reagecon EPYS01, EPRS01, EPBS01, Sigma/Fluka 83952., or equivalent",
                        "Ferric Chloride, Yellow Primary Standard (RICCA 3110-16 or equivalent).",
                        "Cobaltous Chloride. Red Primary Standard (RICCA 2210-16 or equivalent).",
                        "Cupric Sulfate, Blue Primary Standard (RICCA 2495-16 or equivalent grade.",
                        "Hydrochloric Acid (37%). For Example, J.T. Baker #9535, or equivalent grade."
                    ]
                ]
            ]
        }
    ],
    "SAFETY CONSIDERATIONS": [
        "Follow general BL-2 laboratory safety while performing these procedures, including donning proper personal protective equipment (PPE) such as lab coat, safety glasses, and gloves. Refer to SOP-16270 for additional information.",
        "Avoid ingestion, inhalation, and skin contact with samples and reagents. Follow all current safety procedures for handling."
    ],
    "PROCEDURE": [
        "NOTE: If using LabWare Laboratory Information Management System (LWLIMS), reference SOP-15700 for activities related to Core Lab Workflow and SOP-15701 for activities related to Instrument Manager.",
        [],
        "NOTE: A second analyst must verify the performer’s result and sign as verifier. The second analyst, the verifier, must be present at the time the performer is executing the visible particulates and the color analysis of the appearance samples. The verifier will observe the completion of the examination by the performer, and then visually examine the samples themselves, with the intent of coming to the same conclusion for the results of the visible particulates and color tests. If there is a difference in results observed by the performer and the verifier, the assay manager or designee must be consulted to determine a path forward. Note, a verifier is not needed for turbidity testing as this procedure uses instrumental method for clarity (turbidity) testing.",
        "Determine the light intensity at the viewing point under the light box, using the light meter, per SOP-16248. The intensity of illumination should be maintained between 2000 lux and 3750 lux.",
        "Visual Examination of Lyophilized Drug Product",
        "NOTE: Handle lyophilized vials with care. Do not disturb the powder cake by shaking or rolling vials.",
        [
            "1. Select the specified number of samples (per Quality Batch Record (QBR), protocol, special test request, etc.) for evaluation. Unless specified otherwise, use the same samples for appearance of lyophilized parenteral dosage forms after reconstitution.",
            "2. If the label interferes with the ability to inspect the contents, carefully remove labels and other visual interferences from each sample container before examining."
        ],
        "Criteria Specification Color Cake is white and shows no signs of discoloring. Appearance Cake is uniform with no signs of collapse or meltback. Absence of Foreign Matter Cake and vial interior contain no visible particulate matter. If foreign matter is present in the vial, record a description of the foreign matter. Unless specified otherwise, the lyophilized product and vial interior should be free from plainly visible foreign matter on visual examination. Absence of Moisture Cake and vial interior show no visible signs of the presence of moisture. Absence of Other Defects Cake shows no significant signs of low or high fills. Vial shows no significant signs of defective containers, closure or seal, leaking unit, cracked or distorted glass, overall poor appearance of containers, loose or ineffective crimp, loose flip-off cap, or any other defects which have the potential to impact the quality of the product.",
        "NOTE: If a defect is observed, notify supervisor and retain the sample for future testing or investigation. Perform an investigation per SOP-15623. If applicable, a photograph may be taken.",
        "Reconstitution Time for Lyophilized Drug Product",
        "Only one container (vial, syringe, etc.) per lot or condition is required for analysis. Reconstitute lyophilized drug product with diluent (if unknown contact supervisor) and filter per the procedure below:",
        "NOTE: Ensure both drug product and diluent are at ambient temperature (do not exceed 30ºC).",
        [
            "1. Attach a clean syringe or needle filter to the syringe.",
            "2. Attach a clean needle to the syringe filter (if applicable). 3. Flush diluent through the syringe with appropriate filter/needle attached."
        ],
        [
            "4. Remove the filter from the syringe. Ensure that the filter and needle remain clean.",
            "5. Fill the syringe with the appropriate volume of diluent for reconstitution.",
            "6. Re-attach the filter and needle to the syringe.",
            "7. Insert needle through the vial stopper and reconstitute the drug product.",
            "8. Start timer immediately after adding diluent. Swirl the vial gently (DO NOT shake) and stop timer when the material is fully dissolved. Only one vial for each set of samples submitted must be used for reconstitution time (e.g. if ",
            "3 BOR, 3 MOR, and ",
            "3 EOR vials are submitted to provide enough volume for the clarity evaluation, only measure the reconstitution time for ",
            "1 BOR, 1MOR, and ",
            "1 EOR vial). 9. Record reconstitution time in LW LIMS, rounded up to the nearest ",
            "30 second interval."
        ],
        "Visible Particulates",
        "NOTE: Ensure a verifier is present before beginning Visible Particulates testing",
        [
            "1. If necessary, turn on the light(s) in the viewing station. Remove any unnecessary material from the work area."
        ],
        "NOTE: Tubing used for this process is replaced on a monthly basis and is documented in LWLIIMS",
        [
            "0.22 um filtered purified water for at least three minutes using purified water system with tubing or other attachments capable of delivering a high- pressure rinse. b. Keep the vials and caps inverted in a clean test tube rack or equivalent. Rinsed vials and caps, while inverted, can be tapped with a finger or shaken to remove excess water if necessary. Dry vials in a laminar flow hood or BSC. Do not use paper towels or Kimwipes to dry vials. c. Examine the vials visually before use. Some residual water may be left on the interior surface of the vial and the caps. No large droplets should be observed. If vials or caps show signs of particles, consult a supervisor. Once dry, vials that are not immediately used are stored in a secondary container, appropriately labeled. d. While under the laminar flow hood, transfer at least ",
            "1mL of sample into a pre- cleaned vial using as sterile disposable pipette to help eliminate the possibly of introducing particles to the test sample.",
            "3. Sample Prep:  Allow samples to equilibrate to ambient temperature for ~1 hour. Carefully remove all labels and other visual interferences from the container. Identify the"
        ],
        [
            [
                "At the viewing station, take the tube, vial, or syringe and gently invert and swirl for approximately 5 seconds in front of the white background and approximately 5 seconds in front of the black background. If any particles are seen, report the number and detailed description including color, shape, or other relevant properties."
            ]
        ],
        "NOTE: Analyst should spend no more than 45 minutes viewing samples in the light box before taking a break or rotating analysts. A break of at least 30 minutes should be taken before continuing analysis and viewing samples in the light box.",
        [
            [
                "Do not confuse air bubbles with particles. Most particles will tend to sink while bubbles will rise."
            ]
        ],
        "10.4.1 Acceptance Criteria for Visible Particulates",
        "10.4.1.1 Drug Substance:",
        "Unless specified otherwise, the test solution is essentially free from plainly visible particles uncharacteristic of the product, process, or product containers. A solution is considered essentially free if it has fewer than three particles characteristic of product, process or product containers (fibers, flakes, etc.). If a solution contains three or more of the particles or a particle not typical of the product, process or product containers notify supervisor. All particles seen should be described in LW LIMS.",
        "10.4.1.2 Drug Product:",
        [],
        "Unless specified otherwise, the test solution is essentially free from plainly visible particles uncharacteristic of the product, process, or product containers. If a solution contains a particle not typical of the product, process or product container notify supervisor. Perform an investigation per SOP-15623 . All particles seen should be described in LWLIMS. Classifying particles as typical: Often times, particles may be introduced into samples during transfer for this assay or during storage in vessels different than those used for",
        "described in LWLIMS. Classifying particles as typical: Often times, particles may be introduced into samples during transfer for this assay or during storage in vessels different than those used for the storage of the bulk (such as stability studies for intermediates). These 'introduced' particles can then be observed with this method. As these typical particles are not a reflection of product quality, they will be accounted for and a sample may be reported as Essentially Free of Visible Particles if they exhibit some of these kinds of particles. Typical Particles include:",
        [
            [
                "Small white fiber like particles seen behind a black background. These particles can be introduced from the glass appearance vial, cap, pipette used to transfer the sample, plastic stability vial, or other sources.",
                "Other particles found to be present in water reference or blank samples stored in vessels similar to the sample."
            ]
        ],
        "Appearance of particles should be documented, and classification of particles atypical of the process or process containers must be reviewed with area supervisor.",
        "NOTE: If performing particulates by visual examination, do not perform Clarity until visual examination has been completed.",
        "10.5.1 Setting up the Vacuum Desiccator",
        "Perform the following steps when setting up the vacuum desiccator each time:",
        [
            "1. Apply a thin layer of vacuum grease on the seal between the lid and the lower chamber and also on the seal between the desiccator collar and the lid stem.",
            "2. Align the etched arrow on the desiccator collar with the inlet hole on the lid stem.",
            "3. Once a vacuum has been applied to the chamber, ensure that a vacuum pressure of approximately ",
            "20 PSI is present."
        ],
        [
            "2. Align the etched arrow on the desiccator collar with the inlet hole on the lid stem.",
            "3. Once a vacuum has been applied to the chamber, ensure that a vacuum pressure of approximately ",
            "20 PSI is present.",
            "10.5.2 Lyophilized Drug Product Samples ",
            "1. Reconstitute Drug Product vials with diluent. Refer to product specific documents to determine appropriate diluent and volume required. If unknown, contact supervisor. A minimum of ",
            "2.5 mL of test article is required.",
            "2. Using a transfer pipette pool vials into a ",
            "12 x ",
            "75 mm glass culture tube. Allow any air bubbles that may have been generated during transfer to settle for at least ",
            "30 minutes prior to reading samples.",
            "3. De-gas reconstituted Drug Product in vials (stoppers removed) using a vacuum desiccator. Apply vacuum for approximately ",
            "30 minutes.",
            "10.5.3 Liquid Drug Product Samples ",
            "1. Using a transfer pipette pool vials into ",
            "12 x ",
            "75 mm glass culture tube. A minimum of ",
            "2.5 mL of test article is required.",
            "2. De-gas samples in a glass vacuum desiccator for approximately ",
            "30 minutes to remove air bubbles contained in the sample or generated during transfer.",
            "3. Visually inspect the sample to ensure there are no bubbles present prior to sample reading."
        ],
        "10.5.2 Lyophilized Drug Product Samples",
        [
            "1. Reconstitute Drug Product vials with diluent. Refer to product specific documents to determine appropriate diluent and volume required. If unknown, contact supervisor. A minimum of ",
            "2.5 mL of test article is required.",
            "2. Using a transfer pipette pool vials into a ",
            "12 x ",
            "75 mm glass culture tube. Allow any air bubbles that may have been generated during transfer to settle for at least ",
            "30 minutes prior to reading samples.",
            "3. De-gas reconstituted Drug Product in vials (stoppers removed) using a vacuum desiccator. Apply vacuum for approximately ",
            "30 minutes."
        ],
        [
            "10.5.3 Liquid Drug Product Samples ",
            "1. Using a transfer pipette pool vials into ",
            "12 x ",
            "75 mm glass culture tube. A minimum of ",
            "2.5 mL of test article is required.",
            "2. De-gas samples in a glass vacuum desiccator for approximately ",
            "30 minutes to remove air bubbles contained in the sample or generated during transfer.",
            "3. Visually inspect the sample to ensure there are no bubbles present prior to sample reading.",
            "10.5.4 Pre-Filled Syringe Samples ",
            "1. Pool syringes by expelling contents into a ",
            "12 x ",
            "75 mm glass culture tube. A minimum of ",
            "2.5 mL of test article is required.",
            "2. De-gas samples in a glass vacuum desiccator for approximately ",
            "30 minutes to remove air bubbles contained in the sample or generated during transfer.",
            "3. Visually inspect the sample to ensure there are no bubbles present prior to sample reading.",
            "10.5.5 Drug Substance ",
            "1. Transfer a minimum of ",
            "2.5 mL of test article into a ",
            "12 x ",
            "75 mm glass culture tube."
        ],
        "10.5.3 Liquid Drug Product Samples",
        [
            "1. Using a transfer pipette pool vials into ",
            "12 x ",
            "75 mm glass culture tube. A minimum of ",
            "2.5 mL of test article is required.",
            "2. De-gas samples in a glass vacuum desiccator for approximately ",
            "30 minutes to remove air bubbles contained in the sample or generated during transfer.",
            "3. Visually inspect the sample to ensure there are no bubbles present prior to sample reading."
        ],
        "10.5.4 Pre-Filled Syringe Samples",
        [
            "1. Pool syringes by expelling contents into a ",
            "12 x ",
            "75 mm glass culture tube. A minimum of ",
            "2.5 mL of test article is required.",
            "2. De-gas samples in a glass vacuum desiccator for approximately ",
            "30 minutes to remove air bubbles contained in the sample or generated during transfer.",
            "3. Visually inspect the sample to ensure there are no bubbles present prior to sample reading."
        ],
        "10.5.5 Drug Substance",
        [
            "1. Transfer a minimum of ",
            "2.5 mL of test article into a ",
            "12 x ",
            "75 mm glass culture tube.",
            "2. De-gas samples in a glass vacuum desiccator for approximately ",
            "30 minutes to remove air bubbles contained in the sample or generated during transfer."
        ],
        [
            "3. Visually inspect the sample to ensure there are no bubbles present prior to sample reading."
        ],
        "NOTE: For Calibration of the TL2350 Turbidimeter, refer to Operation and Maintenance Procedure, SOP-115669.",
        "NOTE: Calibration is only required once per day. Refer to the instrument use log, or Instrument Manger in LWLIMS, to determine if calibration has been completed. Always use gloves while working with the Turbidimeter in order to prevent contaminating the equipment.",
        [
            "1. Obtain the ",
            "20, 200, 1000, 4000 NTU Standards from ",
            "2–8°C storage.",
            "2. Rock all standard solutions on an orbital shaker for a minimum of three minutes prior to use.",
            "3. Allow standard solutions to warm to room temperature prior to use.",
            "4. Refer to SOP-16309 for maintenance and operation of the turbidimeter.",
            "5. Press CAL/ZERO . The CAL mode annunciator lights up and the small green LED digits in the mode display flashes ",
            "00. The NTU value of purified water used in the previous calibration will be displayed. In CAL mode the instrument settings will be automatically set.",
            "6. Pipette a minimum of ",
            "2.5 mL of purified water into the ",
            "12 X ",
            "75 culture tube. Allow the purified water to settle for a minimum of ",
            "5 minutes.",
            "7. Prior to calibration, apply silicone oil to the glass culture tube by applying a thin bead of oil from the top to the bottom of the tube. This is done to mask minor imperfections and scratches that may contribute to light scattering.",
            "8. Using a low lint wipe spread the oil uniformly around the culture tube.",
            "9. Wipe off any excess silicone oil so that only a thin coat remains.",
            "10. Place the tube into the cell adapter and close the cover. Allow all samples, standard solutions and test articles to remain in the meter for approximately one minute, and then press ENTER .",
            "11. The instrument display counts down from ",
            "60 to ",
            "0, and then takes a measurement.",
            "12. The instrument automatically increases to the next standard, displays the expected NTU value (20 NTU) and the standard number ",
            "01 is shown in the mode display. Remove culture tube.",
            "13. Use a fresh culture tube for each standard.",
            "14. Repeat steps ",
            "6-10 of this section for the remaining standards. Press CAL/ZERO"
        ],
        "13. Use a fresh culture tube for each standard.",
        [
            "14. Repeat steps ",
            "6-10 of this section for the remaining standards. Press CAL/ZERO when last standard (4000 NTU) is finished. The instrument makes calculations based on the new calibration data, stores the new calibration and returns the instrument to the measurement mode."
        ],
        "NOTE: If the ERR01 or ERR02 message is displayed press the ENTER key. The CAL icon will be displayed. The ERR01 message indicates that the purified water had an NTU value >0.500 NTU. The ERR02 message can occur when the sample cell",
        "diameter is less than 25mm. This is sometimes observed when calibrating the instrument using the cell adapter. Calibration is considered acceptable.",
        [
            "15. Press CAL/ZERO again and then PRINT to print the current calibration data. Press the UNITS/EXIT key to return to the measurement mode without altering the current calibration data.",
            "16. Initial and date printout and label accordingly. Photocopy the printout and attach the copy and original to the LWLIMS maintenance worklist cover page."
        ],
        "NOTE: The printout will automatically list calibration information (Standards 0 up to 7500). This information does not reflect the standards used to calibrate the instrument on the day of use. The standards used are those listed in step 1 of section 10.4.6.",
        "NOTE: All printouts need to be retained regardless of validity (e.g. Failed standardizations, troubleshooting, etc.).",
        "NOTE: If the instrument does not automatically print the instrument number, it must be manually recorded on the printout. Analysts should also always date and initial the printout.",
        "10.5.7 Sample Analysis Using the 2100AN Turbidimeter",
        "10.5.7.1 Instrument Set Up",
        [
            "1. Ensure the following settings when using the ",
            "2100AN Turbidimeter  Auto Range is ON  Ratio option is OFF for samples under ",
            "40 NTU  Units are in NTU  Signal Average is ON  Instrument has been properly calibrated prior to use  Proper filter is in place (HACH USEPA filter module) 2. The ",
            "40 NTU Reference Suspension is used as a control. If required, allow the ",
            "40 NTU Reference Suspension to come to room temperature and mix well before use. The control should be ",
            "40 NTU ±1 NTU. If the control does not pass consult a supervisor."
        ],
        "10.5.7.2 Sample Measurement",
        "NOTE: If running multiple assays at different times in a single day, run an appropriate assay control before testing samples in each assay.",
        [
            "1. Use a fresh culture tube for control and samples. Pipette a minimum of ",
            "2.5 mL of the control/sample into the tube.",
            "2. Apply silicone oil to the glass tube by applying a thin bead of oil from the top to the bottom of the tube. Spread the oil uniformly around the glass test tube. Wipe off any excess oil so that only a thing coat remains. This is done to mask minor imperfections and scratches that may contribute to light scattering.",
            "3. Place the control/sample into the cell adapter and close the cover"
        ],
        [
            "4. Allow all test articles to remain in the meter for approximately one minute, press ENTER and PRINT .",
            "5. Record the NTU reading in LWLIMS."
        ],
        "NOTE: If the NTU reading is less than 1, record the value as <1 NTU",
        {
            ". Repeat steps 1-5 of this section for each sample to be analyzed.": [
                "NOTE: Samples should be saved for color analysis."
            ]
        },
        {
            ". Initial and date the printout and label accordingly. Photocopy the printout and attach the copy and original to the LWLIMS assay worklist cover page. The raw data printout may also be uploaded into LWLIMS, as appropriate.": [
                "10.5.8 Sample Analysis Using the TL2350 Turbidimeter",
                "10.5.8.1 Instrument Set Up"
            ]
        },
        {
            ". Verify the correct instrument settings:": [
                [
                    [
                        "Under the main window, Quarterly Calibration titled “StablCal (0-10000NTU)” will be on top of the screen, select Options  Reading Setup .",
                        "Ensure the following instrument settings: 1. Reading Mode is Single; Signal Ave = 5s 2. Units are in NTU 3. Ratio is On 4. Bubble Reject is On 5. Data Log setup: a. Auto Store = On b. Auto Send = On  New File c. Print Format = Detailed Print 6. Instrument has been properly calibrated prior to use 7. Proper filter is in place (HACH USEPA filter module)",
                        "Select Close when completed."
                    ]
                ],
                "10.5.8.2 Sample Measurement",
                "NOTE: If running multiple assays at different times in a single day, run an appropriate assay control before testing samples in each assay.",
                [
                    "1. The ",
                    "20 NTU Reference Suspension is used as a control. If required, allow the ",
                    "20 NTU Reference Suspension to come to room temperature and mix well before use. The control should be ",
                    "20 NTU ± 1 NTU ",
                    "2. Use a fresh culture tube for control and samples. Pipette a minimum of ",
                    "2.5 mL of the control/sample into the tube.",
                    "3. Apply silicone oil to the glass tube by applying a thin bead of oil from the top to the bottom of the tube. Spread the oil uniformly around the glass tube. Wipe off any excess"
                ],
                [
                    "4. Place the control/sample into the cell adapter and close the cover.",
                    "5. Ensure the Day of Use check was performed, and the proper User Program is selected. The program will be highlighted on top of the screen. If the proper User Program is selected continue with step ",
                    "6 . If the proper User program is not selected perform the following steps:  From the sidebar menu select Calibration  Options  Calibration Set Up  User Program . Highlight the most recent program (performed the same day) and select Start .",
                    "6. From the sidebar menu, select Sample ID  Options  New ",
                    "7. Enter the Sample ID(s) accordingly; select Add Date/Time ; and skip “Add Number” and “Add Color”. 8. Select the appropriate Sample ID and push Select to return to the sample analysis menu ",
                    "9. Press Read . The result will print automatically when read"
                ],
                [
                    "6. From the sidebar menu, select Sample ID  Options  New ",
                    "7. Enter the Sample ID(s) accordingly; select Add Date/Time ; and skip “Add Number” and “Add Color”. 8. Select the appropriate Sample ID and push Select to return to the sample analysis menu ",
                    "9. Press Read . The result will print automatically when read"
                ],
                []
            ]
        },
        {
            ". Record the NTU reading in LWLIMS.": [
                "NOTE: If the NTU reading is less than 1, record the value as <1 NTU",
                "11. Repeat steps 2 – 10 for each sample to be analyzed.",
                [
                    "11. Repeat steps ",
                    "2 – 10 for each sample to be analyzed.",
                    "12. Initial and date the printout and label accordingly. Photocopy the printout and attach the copy and original to the LWLIMS assay worklist cover page. The raw data printout may also be uploaded into LWLIMS, as appropriate."
                ],
                "13. When testing is completed, ensure to logout out of the instrument.",
                "NOTE: Samples should be saved for color analysis.",
                "10.5.8.3 Color",
                "NOTE: Do not perform color testing until clarity testing has been completed. NOTE: Ensure a verifier is present before beginning color testing",
                "NOTE: Do not perform color testing until clarity testing has been completed.",
                "NOTE: Ensure a verifier is present before beginning color testing",
                "NOTE: Ensure the light intensity was measure per section 10.1 before beginning color testing.",
                "NOTE: Ensure the light intensity was measure per section 10.1 before beginning color",
                "testing.",
                [
                    "1. Transfer ",
                    "2 mL of pooled test article used for clarity testing (Section ",
                    "10.4) into a glass tube with an external diameter of ",
                    "12mm, such as the ",
                    "12x",
                    "32 flat bottom tubes."
                ],
                [
                    "2. In the viewing station, view reference solution B",
                    "9 against a water reference. The diffusion of light must be such that reference solution B",
                    "9 must be distinguishable from water.",
                    "3. Looking horizontally view each sample against a white background. Compare each sample to the water reference. If the sample contains more color than water, determine which color reference most closely approximates the sample. See Attachment C for product specific color reference solution requirements. Record the result in LW LIMS."
                ],
                [
                    "9 must be distinguishable from water.",
                    "3. Looking horizontally view each sample against a white background. Compare each sample to the water reference. If the sample contains more color than water, determine which color reference most closely approximates the sample. See Attachment C for product specific color reference solution requirements. Record the result in LW LIMS. NOTE: For samples that lie between two color standards, the more intense color will be reported. For example, if the sample is between Y",
                    "7 (very slightly yellow) and Y",
                    "6 (slightly yellow), then report the Slightly Yellow result (not more intensely colored than Y",
                    "6). 4. A solution is colorless if it is not more intensely colored than reference solution B",
                    "9. Solutions that do not contain color when compared with the water reference are reported as colorless.",
                    "5. The following are examples of reporting yellow colored samples: Not more intensely colored than Y",
                    "7 Very Slightly Yellow Not more intensely colored than Y",
                    "6 Slightly Yellow Not more intensely colored than Y",
                    "5 Very Light Yellow"
                ],
                "NOTE: For samples that lie between two color standards, the more intense color will be reported. For example, if the sample is between Y7 (very slightly yellow) and Y6 (slightly yellow), then report the Slightly Yellow result (not more intensely colored than Y6).",
                [
                    "4. A solution is colorless if it is not more intensely colored than reference solution B",
                    "9. Solutions that do not contain color when compared with the water reference are reported as colorless."
                ],
                "Not more intensely colored than Y7 Very Slightly Yellow Not more intensely colored than Y6 Slightly Yellow Not more intensely colored than Y5 Very Light Yellow Not more intensely colored than Y4 Light Yellow Not more intensely colored than Y3 Yellow Not more intensely colored than Y2 Dark Yellow More intensely colored than Y2 Very Dark Yellow"
            ]
        }
    ],
    "REVISIONHISTORY": [
        "Version Level Rationale for Revision Effective Date 15.0 Change Driver: INX100427413  Added BCMA (anti-CD3 Bispecific Monoclonal Antibody) to Attachment C for Color Reference Solution. Change Driver: INX100471097  Added RSV serotypes 847A and 847B to Attachment C for Color Reference Solution. Process Improvement:  Removed step #2 from Instrument Set Up and moved it to Sample Measurement for better process flow.  Added steps to sections Instrument Set Up and Sample Measurement to navigate the use of the instrument. Updated Section 13.0 “Training Level Assessment” See Document Overlay 14.0 Change Driver: Added COVID-19 (pST4-1525) Starting Material to Attachment C for Color Reference Solution. Refer to INX100457148 v 2.0 Process Improvement:  Added missing instrument setting for the TL2350 Turbidimeter.  Added missing steps for analyzing samples on the TL2350 Turbidimeter.  Reorganized Sample Analysis section based off the instrument type used.  Updated Section 13.0 “Training Level Assessment” 02Jun2021 13.0 Change Driver: PR# 5884479  Added HACH TL2350 Turbidimeter to equipment list and added associated items.  Renamed section “Calibration of Turbidimeter” to “Calibration of the 2100AN Turbidimeter  Added note to reference SOP-115669 for the Calibration of the TL2350 Turbidimeter  Added measurement settings and control used for the TL2350 Turbidimeter Change Driver: PROT-60115  Added Starting Material (SM) to the scope Change Driver: Added DMD Starting Material to Attachment C for Color Reference Solution. Refer to INX100450301 , INX100450303 , INX100450252 , and INX100450254 . Process Improvement:  Moved measurement of light intensity to the beginning of the Procedure for better process flow. Added reference to the method followed for use of the light meter. Added note in Color section to ensure light intensity was measured prior to testing color.  Removed reference to LAB-2333 and added steps for washing glass vials. Updated Section 13.0 “Training Level Assessment” 05May2021 12.0 Change Driver: Added BNT162b2 mRNA (PF-07305885) to Attachment C for Color Reference Solution. Refer to INX100421728 for color assignment; Updated section 13.0 ‘Training Level Assessment’ 16Dec2020",
        "REVISION HISTORY (Continued)",
        "Version Level Rationale for Revision Effective Date 11.0 Change Driver: INX100260228  Added product (Marstacimab TFPI) to Attachment C for Color Reference Solution Change Driver: CAPA PR#4997697  Added a Note defining the requirement of second person verifier at the beginning of Procedure (section 10.0). Added additional note at the beginning of Visible Particulates (section 10.3) and Color (section 10.5) Change Driver: SOP-16198 Updated section 13.0 ‘Training Level Assessment’ 26AUG2020 10.0 Change Driver: 2485495 Note was added to section 10.4.6 to record missing data from printout. Per revision to SOP-16198 – Section 13.0 ‘Training Level Assessment’ was added to the document, along with a screenshot of the assessment questionnaire. 22Apr2020 9.0 Added products Gemtuzumab and Avelumab Color Reference Solutions to Attachment C. Refer to INX100367614 for Gemtuzumab specification and INX100374261 for Avelumab specification . Added Note under “Reporting Results”, section 12.3, for BEVA DP reporting requirements per INX100341450 . Minor edits made for clarity: Added “or Instrument Manager in LWLIMS” to Note under “Calibration of Turbidimeter” (section 10.4.6); changed “cuvette” to “culture tube” in 10.4.6, steps 7 and 8; changed “cuvette” to “cell” in 10.4.6, step 10; capitalized “Enter” in 10.4.6, step 10. 14Aug19 8.0 -Updated the document title, principle and attachments sections to include references to the applicable Japanese Pharmacopoeia (JP) compendial methods: 2.61 (clarity), 2.65 (color) and 6.06 (visible particulates). Refer to PharmSci memo INX100326600 (Justification document for PF-06439535 (Bevacizumab) and PF-06410293 (Adalimumab) PGS Andover Test Method Revisions)-Minor edits to formatting. 06Jun18 7.0 Updated Attachment C by adding Tanezumab (RN624) color information and removing Bococizumab (RN316). Refer to INX100189768 RN624 Specification for color assignment. Added Section 10.4.6, Step 16, regarding handling of turbidimeter printout which was inadvertently not added in version 6.0 even though the Revision History has it listed. Moved the Note from Section 10.4.7, Step 7 to Section 10.4.6, Step 16 as it applies to the calibration. For clarification and data integrity purposes, added Note regarding retention of all printouts under Section 10.4.6, Step 16. 27Dec17 6.0 Modified the table in Section 9.0 to include separate columns for DS and DP and to allow for visible particulate testing of 1 DP container. This change aligns with Pharm Sci test method TM100002052 and is necessary for testing small volume DP containers. Edits made to include information that was previously omitted in error:  Added “color” and “visible particulates” to document title  Added reference to Ph Eur 2.9.20 (visible particulate testing) to Principle (Section 3.0) Removed all references to FORM-9552, as this FORM is obsolete. Added Utomilumab (4-1BB) color information to Attachment C, per INX100255600. 29Mar17",
        "REVISION HISTORY (Continued) Version Level Rationale for Revision Effective Date 6.0 Changes made for improvements/clarification:  Added Table of Contents  Added “color, clarity and visible particulates” to Purpose and Scope sections to clarify which tests are part of appearance testing  Reorganized Definitions section into tabular format  Added definition of “Meltback”  Changed the NOTE under Section 10.4 regarding setting up the vacuum desiccator to procedural step (Step 10.4.1) and renumbered subsequent steps accordingly  Added Section 10.4.6, Step 16, regarding handling of turbidimeter printout Minor rewording and reformatting of several sections throughout document 29Mar17 5.0 Added Bevacizumab (PF-06439535), Adalimumab (PF-06410293) and their corresponding color reference solutions to attachment C. Refer to memos INX100242397 and INX100243929 for the color vector assignment. MAY 25, 2016 4.0 Clarification – added Attachment C to list product specific color reference solutions to use for the color test. Refer to INX100144969 for G544 specification and INX100166014 for RN316 specification. Added wording to the Color section referencing Attachment C when performing the color test. Moved the list of materials contained in Attach A to the materials section in the body of the SOP. Corrected the description of the HACH cell adapter in the Equipment section. Updated the note regarding the error message in the Calibration of the Turbidimeter section to include info on the ERR02 error message. 14 OCT 2015 3.0 Added additional instructional guidelines to the Clarity section for desiccator set-up and operation per Commitment PR#599041. 22May13 2.0 Updated sections 6.1 and 10.4.2-10.4.4 to reflect additional de-gassing requirements per commitment 200175258. Updated document reference numbers to PDOCs reference numbers throughout. Assessment Type: Initial - Performance Revision - Read and Understand (Notification) 05 Aug 2012 1.0 New document. Reference document TM100002052 in GDMS. Assessment Type: Initial - Performance 04 Jan 2012",
        "Version Level Rationale for Revision Effective Date 6.0 Changes made for improvements/clarification:  Added Table of Contents  Added “color, clarity and visible particulates” to Purpose and Scope sections to clarify which tests are part of appearance testing  Reorganized Definitions section into tabular format  Added definition of “Meltback”  Changed the NOTE under Section 10.4 regarding setting up the vacuum desiccator to procedural step (Step 10.4.1) and renumbered subsequent steps accordingly  Added Section 10.4.6, Step 16, regarding handling of turbidimeter printout Minor rewording and reformatting of several sections throughout document 29Mar17 5.0 Added Bevacizumab (PF-06439535), Adalimumab (PF-06410293) and their corresponding color reference solutions to attachment C. Refer to memos INX100242397 and INX100243929 for the color vector assignment. MAY 25, 2016 4.0 Clarification – added Attachment C to list product specific color reference solutions to use for the color test. Refer to INX100144969 for G544 specification and INX100166014 for RN316 specification. Added wording to the Color section referencing Attachment C when performing the color test. Moved the list of materials contained in Attach A to the materials section in the body of the SOP. Corrected the description of the HACH cell adapter in the Equipment section. Updated the note regarding the error message in the Calibration of the Turbidimeter section to include info on the ERR02 error message. 14 OCT 2015 3.0 Added additional instructional guidelines to the Clarity section for desiccator set-up and operation per Commitment PR#599041. 22May13 2.0 Updated sections 6.1 and 10.4.2-10.4.4 to reflect additional de-gassing requirements per commitment 200175258. Updated document reference numbers to PDOCs reference numbers throughout. Assessment Type: Initial - Performance Revision - Read and Understand (Notification) 05 Aug 2012 1.0 New document. Reference document TM100002052 in GDMS. Assessment Type: Initial - Performance 04 Jan 2012"
    ]
}