{
    "SOP File": "LAB-2332",
    "MitM Version": 1.01,
    "Extraction Time": "12/13/2021 16:21:18",
    "Header": {
        "Status": "Effective",
        "Effective-Date": "22-Sep-2021",
        "Version": "25.0",
        "Doc-Name": "LAB-2332",
        "Title": "Measuring the pH of Solutions"
    },
    "PURPOSE": [
        "The purpose of this document is to describe the procedure for measuring the pH of solutions."
    ],
    "SCOPE": [
        "This document applies to the measurement of pH for both Tris-buffered and non-Tris- buffered solutions in the Quality Control (QC) and Biopharmaceutical Analysis (BA) laboratories at Pfizer Andover. This method conforms to the United States Pharmacopeia (USP) General Chapters <791> pH, European Pharmacopeia (EP) Methods of Analysis: Potentiometric Determination of pH - Section 2.2.3, and Japanese Pharmacopeia (JP) General Tests Chapter 2.54: pH Determination."
    ],
    "PRINCIPLE": [
        "The pH of a solution is a measure of its concentration of hydrogen ions, [H + ], and is defined as: pH = -log[H + ]."
    ],
    "RESPONSIBILITY": [
        "It is the responsibility of those performing this procedure and those reviewing data to assure that this SOP is performed as described, to maintain all logs and files, and to update the procedure when deemed necessary."
    ],
    "STEP 1": [
        "Equipment",
        [
            [
                "pH meter or other potentiometric instrument capable of reproducing pH values to 0.02 pH units",
                "Automatic Temperature Compensation (ATC) probe, specific to the meter",
                "pH electrode appropriate to the application",
                "Waterbath fitted with a calibrated thermometer or other temperature reading device",
                "pH meter printer (optional)",
                "Timer, calibrated",
                "Stir bar (optional)",
                "Stir plate (optional)",
                "Printer"
            ]
        ],
        "Materials",
        [
            [
                "Purified water (HPLC or Milli-Q grade, or RODI)",
                "pH meter printer paper (optional)",
                "Lint-free wipes",
                "Appropriate titrant (per method/formulation SOP)"
            ]
        ]
    ],
    "SAFETY CONSIDERATIONS": [
        "General BL-2 level laboratory safety should be adhered to while performing these procedures, including donning proper personal protective equipment (PPE) such as lab coat, safety glasses and gloves. Report any spills to security."
    ],
    "PROCEDURE": [
        "If using the Labware Laboratory Information Management System (LWLIMS), reference SOP-15700 for activities related to Core Lab Workflow and SOP-15701 for activities related to Instrument Manager.",
        {
            "Maintenance and Standardization": [
                "Follow potentiometer/pH meter, pH electrode and ATC probe setup procedures as defined by applicable instrument setup and operation SOP(s). Some examples of instruments and associated SOPs are listed below.",
                "Meter SOP Orion A211 SOP-71772 Orion 520A Plus, 525A or 525A Plus SOP-15115 Orion 3 Star SOP-15997",
                "Assure the equipment has been calibrated and maintained and that electrode operation has been confirmed according to applicable calibration and instrument maintenance SOP(s).",
                "Assure the equipment has been calibrated and maintained and that electrode operation has",
                "been confirmed according to applicable calibration and instrument maintenance SOP(s).",
                "The electrode must be filled with the appropriate filling solution per manufacturer’s instructions and the fill hole cap removed during use. Failure to remove it will result in drifting readings, as the flow of the fill solution will be impaired. The liquid in the glass bulb must be absent of air bubbles prior to pH measurement.",
                "The electrode must be filled with the appropriate filling solution per manufacturer’s",
                [
                    "2°C) from the expected sample temperature, that encompasses the expected solutions/samples pH values that will be tested, and that all standardization acceptance criteria have been met.",
                    "7.2 Measuring the pH of Solutions For most solutions the following procedure will be appropriate. For protein solutions, a detailed methodology may need to be followed. Consult with a supervisor if unsure.",
                    "1. Either fill an appropriate vessel with the test solution or use the original vessel for pH measurement.",
                    "2. Rinse the electrode with the material to be tested before immersion into the material. In the event that insufficient volume of material is available for rinsing the electrode and analysis, rinse the electrode with purified water.",
                    "3. Place the pH electrode and the ATC probe in the solution to be measured. Gently stir the solution with a stir bar while performing the pH test. If solution volume does not permit use of a stir bar, gently swirl the probe in the solution to promote ample"
                ],
                "instructions and the fill hole cap removed during use. Failure to remove it will result in",
                "drifting readings, as the flow of the fill solution will be impaired. The liquid in the glass",
                "Assure that the potentiometer/pH meter has been standardized on the day of use, using a standardization range at a temperature range (± 2°C) from the expected sample temperature, that encompasses the expected solutions/samples pH values that will be tested, and that all standardization acceptance criteria have been met.",
                "Assure that the potentiometer/pH meter has been standardized on the day of use, using a"
            ]
        },
        {
            "Measuring the pH of Solutions": [
                "For most solutions the following procedure will be appropriate. For protein solutions, a detailed methodology may need to be followed. Consult with a supervisor if unsure.",
                [
                    "1. Either fill an appropriate vessel with the test solution or use the original vessel for pH measurement.",
                    "2. Rinse the electrode with the material to be tested before immersion into the material. In the event that insufficient volume of material is available for rinsing the electrode and analysis, rinse the electrode with purified water.",
                    "3. Place the pH electrode and the ATC probe in the solution to be measured. Gently stir the solution with a stir bar while performing the pH test. If solution volume does not permit use of a stir bar, gently swirl the probe in the solution to promote ample"
                ],
                [
                    "4. Allow the electrode to remain in solution until the pH reading is stable and then record the pH measurement and solution temperature once the pH reading has stabilized. Titrate the solution to reach the desired endpoint as applicable, per the method/formulation SOP followed."
                ],
                "NOTE: Back titrating of solutions is not permissible unless specifically outlined in the method/formulation SOP.",
                "NOTE: If generating data that directly supports product testing or raw material, in- process, drug substance, utility monitoring or drug product samples, a printout of results is required in accordance with SOP-15119.",
                "NOTE: If the printout does not contain all META data (Analyst ID, Instrument ID, sample ID and probe ID) the analyst must manually record the missing data on the printout.",
                [
                    "5. Assure that the resultant pH value for the material falls within range of the standardization (buffer range and temperature range) performed prior to analysis. If the value does not fall within this range, the result is not valid. Re-standardize the meter so that the pH of the material will fall within range of the standardization.",
                    "6. Rinse the electrode and ATC probe with the next material to be measured (or purified water) and blot dry. Repeat steps ",
                    "1 - 6 for additional solution(s). 7. When testing is completed, replace the fill hole cap and store the electrode as specified by the manufacturer."
                ]
            ]
        },
        {
            "Measuring the pH of Starting Material, Drug Substance Intermediate, Drug Product and Drug Substance Test Samples": [
                "NOTE: Polysaccharide test samples should be tested per LAB-3129.",
                "NOTE: If generating data that directly supports product testing, a printout of results is required in accordance with SOP-15119. All printouts need to be retained regardless of validity (eg. failed standardizations, troubleshooting, etc.).",
                "If Drug Product samples require reconstitution, record reconstitution information in LWLIMS or FORM-8964 . See appropriate SOP for reconstitution instructions.",
                [
                    "1. Immerse the test sample in a waterbath set at ",
                    "25 ± 2  C. Assure that the sample tubes are tightly capped and standing upright. The pH meter requires restandardization if the previous standardization was performed outside of ± 2  C from the sample temperature.",
                    "2. Allow the test sample(s) to thaw (if frozen) and reach the appropriate temperature, maintaining the temperature for at least ",
                    "20 minutes.",
                    "3. Mix the test sample(s) well.",
                    "4. Follow Section ",
                    "7.2 for pH analysis of each test sample. Assure that the ATC probe readout is ",
                    "25 ± 2  C, or ",
                    "25.0 ± 2.0  C if it reads to one decimal."
                ]
            ]
        },
        {
            "Measuring the pH of Raw Material Samples": [
                "NOTE: If generating data for raw material samples, a printout of results is required in accordance with SOP-15548. All printouts need to be retained regardless of validity (e.g. failed standardizations, troubleshoot, etc.)",
                "Follow Section 7.2 for the analysis of each raw material sample.",
                "Material Grade pH Measurements are made at… USP grade 25 ± 2  C, unless otherwise specified in the individual monograph or RMS package. Use carbon-dioxide free water for solution or dilution of test material. ACS grade 25  C unless otherwise specified in the individual monograph or RMS package. Use carbon-dioxide free water for solution or dilution of test material. EP grade 20  to 25  C, unless otherwise specified in the individual monograph or RMS package. Use carbon-dioxide free water for solution or dilution of test material. JP, FCC, or a noncompendial grade According to the specifications in the individual monograph or RMS package."
            ]
        }
    ],
    "RESULTS": [
        "Document pH reading(s), temperature reading(s) from the ATC probe, and any other pertinent information in LWLIMS or on appropriate form."
    ],
    "REVISIONHISTORY": [
        "Version Level Rationale for Revision Effective Date 25.0 Change Driver: Update Section 7.3 - added “Starting Material, Drug Substance Intermediate” Section 9.0 ‘Training Level Assessment’ was updated See Document Overlay 24.0 Change Driver: PR5670429. Added printer in equipment list in section 5.0. Revised note in section 7.2 to incorporate raw material, in-process, drug substance and utility monitoring or drug products samples for printouts; added an additional note that META data must be included in the printouts. Added note in section 7.4 that printouts for raw material samples is required. Added training level assessment in section 9.0. 23June2021 23.0 Revised document per change control PR1902959 to remove all Neumega (rhIL-11) entries and related references as Neumega has been withdrawn from the market. Document revision was enabled by PTC2203955 through which obsolescence was executed for all Neumega associated documents and references as they are no longer needed.  Section 7.3: Table describing product and SOP for reconstitution instructions, removed first row which referenced product IL-11 and LAB-2247 (page 5). 19September2018 22.0 Change Control PR #1995158 added clarification that all pH standardization printouts need to be retained. Minor formatting changes throughout the document. 22 November 2017 21.0 Change: Revised Section 2.0 Scope to update reference to JP pH chapter from Chapter 45 to Chapter 2.54. Driver: Due to reformatting of JP general chapters, pH chapter number changed. Change: Throughout Section 7.0 Procedure, added text to require all pH meter standardization temperatures fall within +/- 2 °C of expected tested sample or solution temperature. Drivers: PR 1467253 and to align with tighter temperature range (+/-2 °C) in JP Chapter 2.54. Change: In Section 7.1 Maintenance and Standardization, added that the electrode glass bulb must be absent of bubbles prior to pH measurement. Driver: PR 1467253 29June2016 20.0 Per PR# 1055406, added instructions to gently swirl solution being tested for pH. Added stir bar and stir plate to the equipment section. 13May15 19.0 Per PR# 895345, added statement to the Maintenance and Standardization procedure about confirming electrode operation. 10Sep14 18.0 Per PR # 899018, added note to Measuring pH of Solutions section that back titrating is not allowed unless outlined in method/specification specific SOP. Added “appropriate titrant” to the Materials List. In the Measuring the pH of Drug Product and Drug Substance Test Samples section, removed the reference to LAB-2474 from the table with products and recon SOPs as FIX DP is not tested in Andover. 23Jul14 17.0 Changed Wyeth to Pfizer and updated document references throughout. Removed references to development ph meter operation and maintenance SOPs and removed printer setup information as it is covered in the associated operation and maintenance SOP. Added a reference to SOP-71772 to the Maintenance and Standardization section. Per PR#733820, added a note about a printout of results being required for testing product. 27Nov13 16.0 Added Orion 520A Plus to pH meter models that are governed by PPI-000002934. 11Aug10 15.0 Revised per CC# 438524. Removed the following note from Scope “ This test method must be in accordance with Global Method 13V-GTM-0027 for pH determination. Changes to this test method should be assessed for the need of global change control.” Added sentence to Maintenance and Standardization section stating, “Alternatively, TMS-000000062 may also be used to standardize the pH meter, when applicable.” Added note to Procedure stating, “Polysaccharide test samples should be tested per TMS-000000062.” Updated document to EDMS standards and formats. Updated document references to EDMS numbers. January 28, 2010",
        "REVISION HISTORY (Continued)",
        "Version Level Rationale for Revision Effective Date M Revised per change control 286926. Added note to Scope section regarding Global Method 13V-GTM- 0027 and global change control. Added reference to USP, EP and JP in Scope section. Clarified pH meter and waterbath criteria in Equipment section. Removed pH meter operation and standardization procedures and associated materials throughout document, as these are redundant to other applicable SOPs. Added HPLC and Milli-Q grade to purified water and lint-free towels in Materials section. Added references to SOPs #AN265, #AQ760 and #AN516. Added note regarding LWLIMS to Procedure section. Removed procedural redundancies in Procedure section. Clarified procedures throughout and to coordinate with changes in SOP #AQ167. Per CAPA 236436, added Safety Considerations section and clearly labeled Result section. Removed data recording requirements from Procedure section and put them in a new Results section. Added reference to SOP #AQ348 for rFIX reconstitution instructions to Measuring the pH of Drug Product and Drug Substance Test Samples section. Changed document type from SOP to Test Method. Changed time period for drug product and drug substance test samples to stabilize from 15 to 20 minutes. January 31, 2008 L Revised to incorporate changes necessary for LIMS implementation. Added reference to SOP #AQ591 to the Approval page; added references to LIMS data entry and SOP #AQ591 in Sections 6.1.5 and 6.2 Note. August 1, 2005 K Changed Fonts to Times New Roman. May 13, 2005 J Adding Biopharmaceutical Analysis to the approval area in response to Alert #12249. Changed Genetics Institute to Wyeth BioPharma in Scope. July 1, 2002 I 5.1.3 Allowed for any appropriate electrode to be used. 5.2.2 Allowed for appropriate filling solution to be used. 6.1 Note regarding terms “standardization” and “calibration”. 6.1.1 Clarified number of points to be standardized. 6.1.4 Revised printout method. 6.1.5 Described all information to be recorded at standardization. 6.1.6 Removed redundant note after 6.1.6. October 26, 2001 H Add information regarding error codes printing while rinsing pH probe. Insert additional information regarding printing instructions. January 12, 2001 G Include instructions for Orion 900A Printer, clarify the documenting of the pH and temperature readings. Standardize buffers to two decimal places. June 30, 2000 F Clarify standardization procedure and use of ATC probe. Change standardization to two places after decimal at all times. Correct form number for reagent prep sheet. Include measurement of pH for Raw Materials. August 10, 1999 E Addition of use of Form #89F0036 or laboratory notebooks for documentation of pertinent information. April 21, 1997 D To incorporate the use of a waterbath for the measurement of the pH of solutions and problems. C Change methodology so any pH meter can be used, separate from SOP. Orion model 811 meter no longer used. B New electrode for F8 samples (tris sensitive). A Procedure update according to owner’s manual. --- New document."
    ]
}