{
    "SOP File": "LAB-38621",
    "MitM Version": 1.01,
    "Extraction Time": "12/13/2021 16:19:46",
    "Header": {
        "Status": "Effective",
        "Effective-Date": "02-Jun-2021",
        "Version": "2.0",
        "Doc-Name": "LAB-38621",
        "Title": "Determination of the In-vitro Expression of PF-07302048 by Flow Cytometry"
    },
    "PURPOSE": [
        "The purpose of this method is to describe a procedure for determination of the in-vitro expression of PF-07302048, a COVID-19 mRNA BNT162b2 drug product."
    ],
    "SCOPE": [
        "This method applies to testing of PF-07302048 drug product release and stability samples with a concentration equal to or higher than 0.100 mg/mL."
    ],
    "PRINCIPLE": [
        "PF-07302048 is a messenger RNA (mRNA) lipid nanoparticle (LNP) vaccine that encodes SARS- CoV-2 glycoprotein S-derived antigens. Human embryonic kidney (HEK293T) cells are seeded on 12-well culture plates for 16-20 hours in a 37 ± 2°C, 5 ± 1% CO 2 incubator. Cells are then transfected with control and drug product (DP) test samples. After 21-24 hours cells are harvested from the 12-well plates and transferred to 96-well assay plates. The cells are then stained with fixable Aqua viability dye before being fixed and permeabilized. After the fixative is washed from the cells, a SARS-CoV-2 Spike S1 antibody is added which binds to any surface-expressed and intracellular SARS-CoV-2 S1 antigen. The amount of bound SARS-CoV-2 antigen is detected by treatment with a secondary antibody conjugated with a phycoerythrin (PE) fluorophore.",
        "The cells are analyzed via flow cytometer. The in-vitro expression of the SARS-CoV-2 S1 antigen is determined from the average percent of viable, single cells bound with PE from the three assay instances for each test sample. Figure 1 is the graphical representation of the IVE assay.",
        "Figure 1. Graphical Representation of IVE Assay Principle 5.0 DEFINITIONS 5.1 AWCB – Analytical working cell bank 5.2 BSA – Bovine serum albumin 5.3 BSC – Biological safety cabinet 5.4 DMEM – Dulbecco’s modified eagle medium 5.5 DMSO – Dimethyl sulfoxide 5.6 DPBS – Dulbecco’s phosphate buffered saline 5.7 DPC – Drug product material used as Drug Product Control 5.8 FBS – Fetal bovine serum 5.9 HEK – Human embryonic kidney 5.10 IgG – Immunoglobulin G 5.11 mAb – Monoclonal antibody avr Site Code / Department / Doc Alias Quality Control Analytical",
        "Figure 1. Graphical Representation of IVE Assay Principle",
        "5.0 DEFINITIONS 5.1 AWCB – Analytical working cell bank"
    ],
    "RESPONSIBILITY": [
        "It is the responsibility of all involved in performing this assay and reviewing assay data to assure that this procedure is performed as described, to report questionable and out-of-specification results to management as soon as possible, to maintain all logs and files and to update this procedure when deemed necessary. When revising this Test Method, reference the Andover site change control procedure , SOP-41502 , to determine if change control is necessary.",
        "Training on this method, on sample handling, and on all applicable equipment should be carried out per laboratory guidelines and should be properly documented prior to analysis."
    ],
    "STEP 1": [
        {
            "Equipment": [
                [
                    "7.1.1 Flow Cytometer, BD FACSLyric, capable of blue and violet laser acquisition ",
                    "7.1.2 Adjustable pipettes capable of delivering ",
                    "2-1000 µ L ",
                    "7.1.3 Multi-channel pipettes capable of delivering ",
                    "2-1000 µL ",
                    "7.1.4 Serological Pipettes capable of delivering between ",
                    "1-100 mL ",
                    "7.1.5 Sterile pipette tips covering a range between ",
                    "1 µL and ",
                    "1000 µL ",
                    "7.1.6 Sterile serological pipettes capable of delivering between ",
                    "2-10 mL ",
                    "7.1.7 Hemocytometer (for manual counting) or an automated cell counter (Nexcelom Bioscience LLC Cellometer Auto T",
                    "4 or equivalent) and compatible counting chambers ",
                    "7.1.8 Humidified Incubator Capable of Maintaining ",
                    "37 ± 2°C, 5 ± 1 %CO ",
                    "2 7.1.9 Microscope Capable of ",
                    "5× to ",
                    "10× Magnification"
                ],
                [
                    "7.1.11 Centrifuge Capable of Maintaining ",
                    "130 – 600 RCF ",
                    "7.1.12 Biosafety Cabinet, Class II/A",
                    "2 7.1.13 Refrigerator capable of maintaining ",
                    "5 ± 3 °C ",
                    "7.2 Materials ",
                    "7.2.1 Laboratory ware for handling volumes of samples and reagents, including appropriate nuclease-free containers ",
                    "7.2.2 12-Well Culture Plate: 12-well, cell-culture treated, polystyrene plates. ThermoFisher Catalog No.",
                    "150628, or equivalent ",
                    "7.2.3 96-Well Assay Plate: 96-well, round-bottomed, polystyrene plates. ThermoFisher, Catalog No.",
                    "268200; Falcon, Catalog No.",
                    "353910 or equivalent ",
                    "7.2.4 Acquisition Plate: any ",
                    "96-well, round-bottomed, polystyrene plate suitable for acquisition on the flow cytometer in use ",
                    "7.2.5 Microtiter Plate Sealers ",
                    "7.2.6 Nalgene Rapid Flow Sterile Filter Unit with PES Membrane, 500 mL, 0.2 µ m, Thermo Catalog No.",
                    "566-0020 or equivalent ",
                    "7.2.7 Tissue Culture Treated Flasks: 75 and ",
                    "175 cm ",
                    "2 , Falcon, Catalog No.",
                    "353136 and ",
                    "353112 or equivalent ",
                    "7.2.8 Aluminim Foil ",
                    "7.2.9 Ster-Ahol, Veltek, Catalog No. DSTER-WFI-TR-04, or ",
                    "70% Ethanol or ",
                    "70% Isopropanol ",
                    "7.2.10 Multichannel pipette reagent reservoirs"
                ]
            ]
        },
        {
            "Materials": [
                "7.2.1 Laboratory ware for handling volumes of samples and reagents, including"
            ]
        }
    ],
    "PROCEDURE": [
        [
            "111250 or LabWare Laboratory Information Management System (LWLIMS). When using LWLIMS, reference SOP-15700 for activities related to Core Lab Workflow, and SOP-15701 for activities related to Instrument Manager and SOP-15863 for activities related to Standards and Reagents. Raw data documentation should follow the instrument maintenance SOP-113517 .For manual documentation of the the procedure and data package, refer to SOP-15014 for instruction. NOTE: Handle cells, medium, and other applicable assay materials and components in a BSC in an aseptic manner. Visually examine assay medium and cell culture for signs of contamination, discard if contamination is apparent. Refer to SOP-15172 for operation of the Biological Safety Cabinets. NOTE: Warm the Growth Media in a ",
            "37 ± 2 °C water bath for at least ",
            "15 minutes or at ambient temperature for at least ",
            "30 minutes prior to use. Cells thawed from an AWCB can be cultured continuously following Section ",
            "20.1 Attachment A Cell Culture and used in this assay from passage ",
            "3 through passage "
        ],
        {
            "Day 1: Seeding of Cells in 12-Well Culture Plates.": [
                [
                    "13.1 Day ",
                    "1: Seeding of Cells in ",
                    "12-Well Culture Plates.",
                    "13.1.1 Aspirate the culture medium from the cell culture flask.",
                    "13.1.2 Gently add ",
                    "10 mL DPBS to the flask. Do not add DPBS directly to the cell monolayer as this may lift cells. Rock the flask to coat cell layer with DPBS.",
                    "13.1.3 Aspirate the DPBS from the cell culture flask.",
                    "13.1.4 Add ",
                    "3 mL of Accutase per T",
                    "75 flask or ",
                    "6 mL of Accutase per T",
                    "175 and rock flask to coat cell layer with Accutase.",
                    "13.1.5 Incubate the flask for ",
                    "2-3 minutes in a ",
                    "37 ± 2°C, 5 ± 1% CO ",
                    "2 incubator for detatchment. Gently tap cell culture flask with hand to dislodge cells.",
                    "13.1.6 If cells have not detached, place flasks in the incubator for an additional ",
                    "5 minutes. Check that cells have detatched by visual observation.",
                    "13.1.6.1 If cells have not detached, discard the cells and restart Section ",
                    "13.1.1 with a new flask. If a new flask is not available, do not proceed and notify laboratory supervisor.",
                    "13.1.7 Add ",
                    "10 mL of H",
                    "293T Growth Medium to the flask. Rinse the flask by gently sheeting media against cell surface several times with a ",
                    "10 mL pipette.",
                    "13.1.8 Transfer the cell suspension from each flask to an appropriately sized sterile conical tube.",
                    "13.1.9 Centrifuge the cells at ",
                    "130 RCF for ",
                    "5 minutes."
                ],
                "13.1.3 Aspirate the DPBS from the cell culture flask.",
                [
                    "13.1.10 Aspirate the supernatant and re-suspend the cell pellet in ",
                    "5 mL of H",
                    "293T Growth Medium per T",
                    "75 flask or ",
                    "10 mL of H",
                    "293T Growth Medium per T",
                    "175 flask. Pipette the cells up and down to break up clumps with serological pipette.",
                    "13.1.11 Prepare an appropriate dilution of cells for counting. For example, dilute ",
                    "50 µL of the cell suspension with ",
                    "350 µ L of ",
                    "0.4% Trypan Blue for counting manually with a hemocytometer. If an automated cell counter (e.g.Nexcelom Cellometer™ Auto T",
                    "4™ Cell Counter) is used prepare a ",
                    "0.1% Trypan Blue or other appropriate cell solution for the counter in use. For example, add ",
                    "50 µ L of ",
                    "0.4% Trypan Blue, 100 µL of Growth Medium and ",
                    "50 µL of the cell suspension. Refer to SOP-111963 when using a Nexcelom Cellometer™ Auto T",
                    "4™ Cell Counter.",
                    "13.1.12 Count live and dead cells using an automated cell counter or manually on a hemocytometer.",
                    "13.1.13 Record the live cell density (cells/mL), the total cell density (cells/mL), and cell viability (%) for each count. Note : If the cell viability is < 80%, the cells should be discarded. If another flask is available restart Section ",
                    "13.1 with a new flask. If a new flask is not available, do not proceed and notify a laboratory supervisor.",
                    "13.1.14 Dilute the cell suspension using Growth Medium to ",
                    "200,000 viable cells/ mL based on the mean viable cell count using the equations below. A minimum volume of ",
                    "13 mL is recommended per plate."
                ],
                [
                    "13.1.15 Cells are seeded on one to two ",
                    "12-Well Culture Plates per assay instance. Cells are seeded to test each sample in three assay instances, with each instance having independent dilutions of DPC and TSs. In each instance, NC, DPC and TSs samples are added to quadruplicate wells.",
                    "13.1.16 Pipette ",
                    "1 mL/well of the cell suspension into all wells of the Culture Plates.",
                    "13.1.17 Cover the Culture Plate(s) with the lid and incubate in a ",
                    "37 ± 2°C, 5 ± 1% CO ",
                    "2 incubator for ",
                    "16-20 hours."
                ]
            ]
        },
        {
            "Day 2: Transfection": [
                "13.2.1 Prepare dilutions of DP Control, Test Samples (TSs), and Negative Control (NC) in appropriate nuclease-free containers (typically polypropylene).",
                "13.2.1 Prepare dilutions of DP Control, Test Samples (TSs), and Negative Control",
                "Note: DP materials containing mRNA should be wiped with 70% alcohol before being brought into the BSC. All DP solutions should be mixed gently by pipette and/or swirling. Do not invert, vortex or mix vigorously.",
                "Note: DP materials containing mRNA should be wiped with 70% alcohol before",
                "Volumes for dilutions of reagents and samples are recommended in the corresponding preparation instructions. More than one dilution may be needed to achieve the desired final concentration.",
                "Volumes for dilutions of reagents and samples are recommended in the",
                "Each sample is to be tested in three assay instances, with each instance having independent dilutions of DPC and TSs. In each instance, test sample is added to quadruplicate wells.",
                "Each sample is to be tested in three assay instances, with each instance having",
                "quadruplicate wells.",
                "13.2.1.1 Preparation of Test Samples (TS)",
                "13.2.1.1.1 Recommended volume of TS for primary dilution is 10- 20 µL. 13.2.1.1.2 Recommended final volume of working TS solution is at least 450 µL. 13.2.1.1.3 Dilute TS to 1.5 μ g/mL target concentration with DPBS using the equation below. Mix gently approximately 5 times by pipette to ensure homogeneity. Volume of TS (μL) = 1.5 (μg/mL) x Total Volume (μL) TS Stock Concentration (μg/mL) 13.2.1.1.4 Repeat this procedure to prepare three independent TS dilutions, one for each instance. 13.2.1.1.5 Label appropriately, for example: TS1-1, TS1-2, TS1-3. 13.2.1.2 Preparation of DP Control (DPC) 13.2.1.2.1 Recommended volume of DP for primary dilution is 10-20 µL. 13.2.1.2.2 Recommended final volume of the working DPC solution is at least 450 µL. 13.2.1.2.3 Dilute DPC to 1.5 μ g/mL target concentration with DPBS using the equation below. Mix gently approximately 5 times by pipette to ensure homogeneity.",
                [
                    "13.2.1.1.1 Recommended volume of TS for primary dilution is ",
                    "10- 20 µL.",
                    "13.2.1.1.2 Recommended final volume of working TS solution is at least ",
                    "450 µL.",
                    "13.2.1.1.3 Dilute TS to ",
                    "1.5 μ g/mL target concentration with DPBS using the equation below. Mix gently approximately ",
                    "5 times by pipette to ensure homogeneity."
                ],
                "Volume of DPC (μL) = 1.5 (μg/mL) × Total Volume (μL) DPC Stock Concentration (μg/mL) 13.2.1.2.4 Repeat this procedure to prepare three independent DPC dilutions, one for each instance. 13.2.1.2.5 Label appropriately, for example: DPC-1, DPC-2, DPC-3. 13.2.1.3 Preparation of Negative Control (NC) 13.2.1.3.1 Add 450 µL of DBPS to an appropriately sized nuclease-free container. 13.2.1.3.2 Repeat this procedure to prepare three independent NCs, one for each instance. 13.2.1.3.3 Label appropriately, for example: NC-1, NC-2, NC-3. 13.2.2 Cell Transfection Procedure Note: Culture Plates should be handled for the transfection procedure no avr Site Code / Department / Doc Alias Quality Control Analytical",
                "13.2.1.3 Preparation of Negative Control (NC)",
                [
                    "13.2.2 Cell Transfection Procedure Note: Culture Plates should be handled for the transfection procedure no more than ",
                    "1-2 plates at a time.",
                    "13.2.2.1 After the Culture Plates have incubated at ",
                    "37 ± 2°C, 5 ± 1% CO ",
                    "2 for ",
                    "16-20 hours, remove the plates from the incubator.",
                    "13.2.2.2 Visually confirm that the cells have attached and are evenly distributed throughout the well. Cells should be ",
                    "70% - 90% confluent before proceeding with the transfection.",
                    "13.2.2.2.1 If the majority of the cells appear to be floating or rounded, this is an indication of poor cell health. The plate(s) should be discarded, and the method terminated.",
                    "13.2.2.3 Pipette dropwise ",
                    "100 µ L/well of NC, DPC and TSs into quadruplicate wells of the Culture Plate(s) following the layout shown in Figure ",
                    "2. See Table ",
                    "1 for assay target concentrations.",
                    "13.2.2.4 Gently swirl the Culture Plate(s) in a circular motion to ensure even dispersion of transfection solutions.",
                    "13.2.2.5 Cover the plate(s) and centrifuge at ",
                    "550 ± 50 RCF for ",
                    "6 ± 1 minutes at ambient temperature.",
                    "13.2.2.6 Place the covered plate(s) in a ",
                    "37 ± 2°C, 5 ± 1% CO ",
                    "2 incubator for ",
                    "21-24 hours."
                ],
                "13.2.2 Cell Transfection Procedure",
                "Figure 2. Single Instance Culture Plate Layouts",
                "Plate 1 Plate 2 1 2 3 4 1 2 3 4 A NC-1 NC-1 NC-1 NC-1 A TS2-1 TS2-1 TS2-1 TS2-1 B DPC-1 DPC-1 DPC-1 DPC-1 B TS3-1 TS3-1 TS3-1 TS3-1 C TS1-1 TS1-1 TS1-1 TS1-1 C TS4-1 TS4-1 TS4-1 TS4-1",
                "Table 1. Target Concentrations and Concentrations of DPC and Test Samples",
                "Prepared Concentration (ng/mL) Culture Plate Concentration (ng/well) TS 1500 150 DPC 1500 150"
            ]
        },
        {
            "Day 3: In-vitro Expression Assay": [
                "13.3.1 Cell Harvest",
                [
                    "13.3.1.1 After the transfected Culture Plates have incubated at ",
                    "37 ± 2°C, 5 ± 1% CO ",
                    "2 in the incubator for ",
                    "21-24 hours, remove the plates from the incubator.",
                    "13.3.1.2 Visually confirm that cells are attached and appear healthy in the wells.",
                    "13.3.1.2.1 If the majority of cells appear to be floating or rounded this is an indication of poor cell health. The plate(s) should be discarded and the method terminated.",
                    "13.3.1.3 Aspirate the Medium from each well of the Culture Plate(s). Note: Complete removal of media is best achieved using an aspirator fitted with a ",
                    "2 mL aspirator pipette with a ",
                    "200 µL unfiltered pipette tip attached.",
                    "13.3.1.4 Pipette ",
                    "100 µL of Accutase to each well. Add the Accutase dropwise to uniformly distribute in well without disrupting cell monolayer.",
                    "13.3.1.5 Incubate cells in a ",
                    "37 ± 2°C, 5 ± 1% CO ",
                    "2 incubator for ",
                    "10 ± 5 minutes for detatchment. Firmly tap each plate repeatedly until you see that cells have detatched.",
                    "13.3.1.6 Add ",
                    "150 µ L of DPBS to each well and tilt plate to mix."
                ],
                [
                    "13.3.1.1 After the transfected Culture Plates have incubated at ",
                    "37 ± 2°C, 5 ± 1% CO ",
                    "2 in the incubator for ",
                    "21-24 hours, remove the plates from the incubator.",
                    "13.3.1.2 Visually confirm that cells are attached and appear healthy in the wells.",
                    "13.3.1.2.1 If the majority of cells appear to be floating or rounded this is an indication of poor cell health. The plate(s) should be discarded and the method terminated."
                ],
                [
                    "13.3.1.7 Tilt the Culture Plate(s) and gently rinse the cell surface of each well by pipetting. Each well should be rinsed approximately ",
                    "5-10 times and you should see cells are in a suspension free of clumps.",
                    "13.3.1.8 Transfer the entire cell solution, approximately ",
                    "250 µL, to a ",
                    "96-Well Assay Plate. Appropriately, record the positions of each TS, DPC and NC, see Figure ",
                    "3 for example.",
                    "13.3.1.8.1 It is recommended to add cells to the ",
                    "96 well plate starting in A",
                    "1 and continuing across the rows. Do not skip wells while transferring into the Assay Plate and any unused Culture Plate may be discarded."
                ],
                [
                    "13.3.1.8 Transfer the entire cell solution, approximately ",
                    "250 µL, to a ",
                    "96-Well Assay Plate. Appropriately, record the positions of each TS, DPC and NC, see Figure ",
                    "3 for example."
                ],
                [
                    "13.3.1.8.1 It is recommended to add cells to the ",
                    "96 well plate starting in A",
                    "1 and continuing across the rows. Do not skip wells while transferring into the Assay Plate and any unused Culture Plate may be discarded."
                ],
                "Figure 3. Example Assay Plate Layout",
                "1 2 3 4 5 6 7 8 9 10 11 12 A NC-1 NC-1 NC-1 NC-1 DPC-1 DPC-1 DPC-1 DPC-1 TS1-1 TS1-1 TS1-1 TS1-1 B TS2-1 TS2-1 TS2-1 TS2-1 TS3-1 TS3-1 TS3-1 TS3-1 TS4-1 TS4-1 TS4-1 TS4-1 C NC-2 NC-2 NC-2 NC-2 DPC-2 DPC-2 DPC-2 DPC-2 TS1-2 TS1-2 TS1-2 TS1-2 D TS2-2 TS2-2 TS2-2 TS2-2 TS3-2 TS3-2 TS3-2 TS3-2 TS4-2 TS4-2 TS4-2 TS4-2 E NC-3 NC-3 NC-3 NC-3 DPC-3 DPC-3 DPC-3 DPC-3 TS1-3 TS1-3 TS1-3 TS1-3 F TS2-3 TS2-3 TS2-3 TS2-3 TS3-3 TS3-3 TS3-3 TS3-3 TS4-3 TS4-3 TS4-3 TS4-3 G Empty H Empty",
                [
                    "13.3.1.9 Centrifuge the Assay Plate at ",
                    "550 ± 50 RCF for ",
                    "6 ± 1 minutes at ambient temperature.",
                    "13.3.1.10 Remove the supernatant either by pipette or by inverting the plate and gently flicking the supernatant into an appropriate waste container. Gently blot all residual liquid from the plate onto a piece of fresh paper towel or remove with pipette."
                ],
                [
                    "2x to remove all liquid. Visualization of the pellet may be enhanced by using a black background behind the plate, such as a black micrititer plate lid."
                ],
                "Note: While removing the supernatant with multi-channel pipette,",
                "not being disrupted. You may have to go into the well 2x to",
                "enhanced by using a black background behind the plate,",
                [
                    "13.3.2 Live/Dead Stain ",
                    "13.3.2.1 Dilute Live/Dead dye ",
                    "1/500 in DPBS using the equation below. A minimum volume of ",
                    "5 mL per assay plate is recommended. Invert several times to ensure homogeneity. Volume of Live/Dead Dye (μL) = Total Volume (μL) Dilution Factor ",
                    "13.3.2.2 Pipette ",
                    "50 µL of the Live/Dead dye working stock to each of the wells used in the experiment.",
                    "13.3.2.3 Gently resuspend the cell pellet by pipetting up and down approximately ",
                    "5 times or until you no longer see cell clumps.",
                    "13.3.2.4 Wrap plate in foil and allow to incubate at ambient temperature for ",
                    "45 ± 15 minutes.",
                    "13.3.2.5 After incubation pipette ",
                    "200 µL of ",
                    "1x Permeabilization Wash Buffer to each of the wells used in the experiment. Gently mix with pipette approximately ",
                    "2 times.",
                    "13.3.2.6. Centrifuge the ",
                    "96-Well Assay Plate at ",
                    "550 ± 50 RCF for ",
                    "6 ± 1 minutes at ambient temperature.",
                    "13.3.2.7 Remove the supernatant either by pipette or by inverting the plate and gently flicking the supernatant into an appropriate waste container. Gently blot all residual liquid from the plate onto a piece of fresh paper towel or remove with pipette.",
                    "13.3.3 Cell Fixation and Permeablization.",
                    "13.3.3.1 Pipette ",
                    "100 µL of Fixation and Permeabilization solution to each of the wells used in the experiment.",
                    "13.3.3.2 Gently pipette solution up and down approximately ",
                    "5 times to resuspend cell pellet or until you no longer see cell clumps.",
                    "13.3.3.3 Wrap plate in foil and allow to incubate at ",
                    "2-8 °C for ",
                    "20-25 minutes.",
                    "13.3.3.4 After incubation pipette ",
                    "150 µL of ",
                    "1x Permeabilization Wash Buffer to the wells used in the experiment. Gently mix with pipette approximately ",
                    "2 times.",
                    "13.3.3.5 Centrifuge the ",
                    "96-Well assay plate at ",
                    "550 ± 50 RCF for ",
                    "6 ± 1 minutes at ambient temperature."
                ],
                "minimum volume of 5 mL per assay plate is recommended. Invert",
                [
                    "13.3.2.2 Pipette ",
                    "50 µL of the Live/Dead dye working stock to each of the wells used in the experiment.",
                    "13.3.2.3 Gently resuspend the cell pellet by pipetting up and down approximately ",
                    "5 times or until you no longer see cell clumps.",
                    "13.3.2.4 Wrap plate in foil and allow to incubate at ambient temperature for ",
                    "45 ± 15 minutes.",
                    "13.3.2.5 After incubation pipette ",
                    "200 µL of ",
                    "1x Permeabilization Wash Buffer to each of the wells used in the experiment. Gently mix with pipette approximately ",
                    "2 times.",
                    "13.3.2.6. Centrifuge the ",
                    "96-Well Assay Plate at ",
                    "550 ± 50 RCF for ",
                    "6 ± 1 minutes at ambient temperature.",
                    "13.3.2.7 Remove the supernatant either by pipette or by inverting the plate and gently flicking the supernatant into an appropriate waste container. Gently blot all residual liquid from the plate onto a piece of fresh paper towel or remove with pipette."
                ],
                "13.3.3 Cell Fixation and Permeablization.",
                [
                    "13.3.3.1 Pipette ",
                    "100 µL of Fixation and Permeabilization solution to each of the wells used in the experiment.",
                    "13.3.3.2 Gently pipette solution up and down approximately ",
                    "5 times to resuspend cell pellet or until you no longer see cell clumps.",
                    "13.3.3.3 Wrap plate in foil and allow to incubate at ",
                    "2-8 °C for ",
                    "20-25 minutes.",
                    "13.3.3.4 After incubation pipette ",
                    "150 µL of ",
                    "1x Permeabilization Wash Buffer to the wells used in the experiment. Gently mix with pipette approximately ",
                    "2 times.",
                    "13.3.3.5 Centrifuge the ",
                    "96-Well assay plate at ",
                    "550 ± 50 RCF for ",
                    "6 ± 1 minutes at ambient temperature."
                ],
                [
                    "13.3.3.6 Remove the supernatant either by pipette or by inverting the plate and gently flicking the supernatant into an appropriate waste container. If removing liquid by flicking, then gently blot all residual liquid from the plate onto a piece of fresh paper towel or remove with pipette.",
                    "13.3.3.7 Pipette ",
                    "250 µL of ",
                    "1x Permeabilization Wash Buffer to the wells used in the experiment. Gently mix with pipette approximately ",
                    "5-7 times or until you no longer see cell clumps.",
                    "13.3.3.8 Centrifuge the ",
                    "96-Well Assay Plate at ",
                    "550 ± 50 RCF for ",
                    "6 ± 1 minutes at ambient temperature.",
                    "13.3.3.9 Remove the supernatant either by pipetting or by inverting the plate and gently flicking the supernatant into an appropriate waste container. Gently blot all residual liquid from the plate onto a piece of fresh paper towel or remove with pipette. Be sure to remove as much residual wash buffer as possible without disturbing cell pellet prior to addition of Primary Antibody.",
                    "13.3.4 Staining Protocol (Primary Antibody) 13.3.4.1 Dilute Primary Antibody ",
                    "1 / 2,000 in ",
                    "1x Permeabilization Wash Buffer using the equation below. A minimum volume of ",
                    "10 mL per Assay Plate is recommended. Invert several times to ensure homogeneity. Volume of Spike S",
                    "1 Primary Antibody (μL) = Total Volume (μL) Dilution Factor ",
                    "13.3.4.2 Pipette ",
                    "50 µL of working Primary Antibody solution to each of the wells used in the experiment. avr / Doc Alias Quality Control Analytical"
                ],
                [
                    "13.3.3.6 Remove the supernatant either by pipette or by inverting the plate and gently flicking the supernatant into an appropriate waste container. If removing liquid by flicking, then gently blot all residual liquid from the plate onto a piece of fresh paper towel or remove with pipette.",
                    "13.3.3.7 Pipette ",
                    "250 µL of ",
                    "1x Permeabilization Wash Buffer to the wells used in the experiment. Gently mix with pipette approximately ",
                    "5-7 times or until you no longer see cell clumps.",
                    "13.3.3.8 Centrifuge the ",
                    "96-Well Assay Plate at ",
                    "550 ± 50 RCF for ",
                    "6 ± 1 minutes at ambient temperature.",
                    "13.3.3.9 Remove the supernatant either by pipetting or by inverting the plate and gently flicking the supernatant into an appropriate waste container. Gently blot all residual liquid from the plate onto a piece of fresh paper towel or remove with pipette. Be sure to remove as much residual wash buffer as possible without disturbing cell pellet prior to addition of Primary Antibody."
                ],
                "13.3.4 Staining Protocol (Primary Antibody)",
                "13.3.4.1 Dilute Primary Antibody 1 / 2,000 in 1x Permeabilization Wash Buffer using the equation below. A minimum volume of 10 mL per Assay Plate is recommended. Invert several times to ensure homogeneity.",
                "Buffer using the equation below. A minimum volume of 10 mL per",
                "Assay Plate is recommended. Invert several times to ensure",
                [
                    "13.3.4.2 Pipette ",
                    "50 µL of working Primary Antibody solution to each of the wells used in the experiment.",
                    "13.3.4.3 Gently pipette solution up and down approximately ",
                    "5 times to resuspend cell pellet or until you no longer see cell clumps. Avoid the creation of bubbles during mixing.",
                    "13.3.4.4 Wrap plate in foil and allow to incubate at ",
                    "5 ± 3 °C for ",
                    "45 ± 15 minutes."
                ],
                "13.3.5 Staining Protocol (Secondary Antibody)",
                [
                    "13.3.5.2 Centrifuge the ",
                    "96-Well Assay Plate at ",
                    "550 ± 50 RCF for ",
                    "6 ± 1 minutes at ambient temperature.",
                    "13.3.5.3 Remove the supernatant either by pipette or by inverting the plate and gently flicking the supernatant into an appropriate waste container. Gently blot all residual liquid from the plate onto a piece of fresh paper towel or remove with pipette.",
                    "13.3.5.4 Pipette ",
                    "250 µL of ",
                    "1x Permeabilization Wash Buffer to the wells used in the experiment. Gently mix with pipette approximately ",
                    "5-7 times or until you no longer see cell clumps.",
                    "13.3.5.5 Centrifuge the ",
                    "96-Well assay plate at ",
                    "550 ± 50 RCF for ",
                    "6 ± 1 minutes at ambient temperature.",
                    "13.3.5.6 Remove the supernatant by pipette into an appropriate waste container.",
                    "13.3.5.7 Dilute Secondary Antibody ",
                    "1/1,000 in ",
                    "1x Permeabilization Wash Buffer using the equation below. A minimum volume of ",
                    "6 mL per assay plate is recommended. Invert several times to ensure homogeneity."
                ],
                [
                    "13.3.5.8 Pipette ",
                    "50 µL of working Secondary Antibody solution to each of the wells used in the experiment.",
                    "13.3.5.9 Gently pipette solution up and down approximately ",
                    "5 times to resuspend cell pellet or until you no longer see cell clumps. Avoid the creation of bubbles during mixing.",
                    "13.3.5.10 Wrap plate in foil and allow to incubate at ",
                    "5 ± 3 °C for ",
                    "30-35 minutes.",
                    "13.3.5.11 After incubation pipette ",
                    "200 µL of ",
                    "1x Permeabilization Wash Buffer to the wells used in the experiment. Gently mix with pipette approximately ",
                    "2 times.",
                    "13.3.5.12 Centrifuge the ",
                    "96-Well Assay Plate at ",
                    "550 ± 50 RCF for ",
                    "6 ± 1 minutes at ambient temperature.",
                    "13.3.5.13 Remove the supernatant either by pipetting or by inverting the plate"
                ],
                [
                    "13.3.5.14 Pipette ",
                    "250 µL of ",
                    "1x Permeabilization Wash Buffer to the wells used in the experiment. Gently mix with pipette approximately ",
                    "5-7 times or until you no longer see cell clumps.",
                    "13.3.5.15 Centrifuge the ",
                    "96-Well Assay Plate at ",
                    "550 ± 50 RCF for ",
                    "6 ± 1 minutes at ambient temperature."
                ],
                [
                    "5-7 times or until you no longer see cell clumps.",
                    "13.3.5.15 Centrifuge the ",
                    "96-Well Assay Plate at ",
                    "550 ± 50 RCF for ",
                    "6 ± 1 minutes at ambient temperature.",
                    "13.3.5.16 Remove the supernatant either by pipetting or by inverting the plate and gently flicking the supernatant into an appropriate waste container. Gently blot all residual liquid from the plate onto a piece of fresh paper towel or remove with pipette.",
                    "13.3.5.17 Pipette ",
                    "200 µL of ",
                    "1x Permeabilization Wash Buffer into each well used in the experiment. Gently resuspend cell pellet by pipetting solution up and down approximately ",
                    "5 times or until you no longer see cell clumps.",
                    "13.3.5.18 If the flow cytometer used for acquisition does not accept the Assay Plate, 200 µL of cell suspension may be transferred from each well to the corresponding well of a suitable acquisition ",
                    "96-well plate.",
                    "13.3.5.19 Seal the assay plate with a plate sealer and wrap in foil to protect from light.",
                    "13.3.5.20 Proceed to flow cytometer acquisition or store the assay plate at ",
                    "5 ± 3 °C for up to ",
                    "7 days before proceeding to acquisition.",
                    "13.3.5.20.1 If plates are not read on FACSLyrics immediately, resuspend cells by pipetting before acquisition to avoid clog.",
                    "13.3.6 Flow Cytometer Acquisition"
                ],
                "Note: Steps 13.3.6.1 through 13.3.6.3 only need to be performed once per day unless the instrument is powered off in between runs. Follow SOP-113517 for instrument procedure and maintenance.",
                [
                    "13.3.6.1 Power on flow cytometry instrument and log into the FACSuite (RUO) Software.",
                    "13.3.6.2 Perform the daily clean (if applicable) and the performance QC (PQC) per SOP-113517 (Section ",
                    "9.4, and ",
                    "9.5). 13.3.6.3 Run or Update the Assay/Tube settings. Note: If an Assay needs to be set up or changed, refer to Section"
                ],
                "13.3.6.3 Run or Update the Assay/Tube settings.",
                "Note: If an Assay needs to be set up or changed, refer to Section 20.2 Attachmet B Flow Cytometer Assay Setup.",
                "13.3.6.3.1 In the Setup & QC tab select “Assay/Tube settings” from the drop-down menu.",
                [
                    "13.3.6.3.2 Ensure the correct CS&T bead lot is selected.",
                    "13.3.6.3.3 Click the “ Select ” button and check the box next to “ Generate Reports ” for the appropriate assay designated for this method.",
                    "13.3.6.3.4 Select “ Start ”. 13.3.6.3.5 If this fails or passes with warnings, contact a supervisor or method owner before continuing with the procedure.",
                    "13.3.6.4 In the Worklist tab, create a new Worklist.",
                    "13.3.6.4.1 Change the Universal Loader type to the appropriate type. For example “96 well plate standard round bottom PS”. 13.3.6.4.2 In the Task drop down menu, select the appropriate assay task designated for this method.",
                    "13.3.6.4.3 Insert one entry for each control and one for each test sample in the “ Sample ID ” field. Label as appropriate.",
                    "13.3.6.4.4 The Acquisition Box for each entry should look like that shown in Figure ",
                    "4. Figure ",
                    "4. FACSuite Acquisition Box"
                ],
                "13.3.6.3.2 Ensure the correct CS&T bead lot is selected.",
                "13.3.6.3.3 Click the “ Select ” button and check the box next to",
                "“ Generate Reports ” for the appropriate assay",
                "designated for this method.",
                "13.3.6.3.4 Select “ Start ”.",
                "13.3.6.4 In the Worklist tab, create a new Worklist.",
                [
                    "13.3.6.4.1 Change the Universal Loader type to the appropriate type. For example “96 well plate standard round bottom PS”. 13.3.6.4.2 In the Task drop down menu, select the appropriate assay task designated for this method.",
                    "13.3.6.4.3 Insert one entry for each control and one for each test sample in the “ Sample ID ” field. Label as appropriate.",
                    "13.3.6.4.4 The Acquisition Box for each entry should look like that shown in Figure "
                ],
                "Figure 4. FACSuite Acquisition Box",
                [
                    "13.3.6.4.5 Rename the Worklist ( File → Rename ) as BNT- IVE_AssayReference# _YYYYMMDD.",
                    "13.3.6.4.6 Load the Assay Plate in the Universal Loader and close the lid."
                ],
                "13.3.6.4.7 From the Run drop down select “ Run All ”."
            ]
        }
    ],
    "CALCULATIONS": [
        "Data analysis can be performed manually and recorded in FORM-111250 or performed in LWLIMS. For manual documentation, the raw data will be reviewed along with calculation results in a data packet.",
        "Data analysis can be performed manually and recorded in FORM-111250 or performed in",
        "in a data packet.",
        "Note: Data documents are stored as official electronic records and are not required to be printed to include with the data package for review. Alternatively, a data document can also be saved in pdf format (Saving path is C:\\BD Export\\Report\\Worklist, or as applicable).",
        "Note: Data documents are stored as official electronic records and are not required to be printed to",
        "include with the data package for review. Alternatively, a data document can also be saved in pdf",
        "format (Saving path is C:\\BD Export\\Report\\Worklist, or as applicable).",
        [
            "14.1 Data Analysis ",
            "14.1.1 The exact shape and locations of cell populations and gates are expected to be different between instruments. All gates should be properly shaped and sized to select for the relevant cell populations shown in the Figures.",
            "14.1.2 Once the data have been collected for all wells, ensure that the P",
            "1 and P",
            "2 gates are appropriate. Gates may be moved or rotated to ensure the gates are appropriate.",
            "14.1.2.1 The P",
            "1 gate should encompass the entire viable cell population. See Figure ",
            "5 for an example.",
            "14.1.2.2 The P",
            "2 gate should encompass the entire single cell population. See Figure ",
            "5 for an example.",
            "14.1.2.3 If any gate is changed, in the Audit Trail drop down select “Provide Reason for Change” and document the reason for the gate change. For example: moved P",
            "1 gate to encompass the entire population.",
            "14.1.3 The P",
            "3 gate should be adjusted to define which cells are positive for the S",
            "1 antigen (S",
            "1 + ) in the PE channel as follows: 14.1.3.1 The gate should be set so the S",
            "1 + % parent population averages to ",
            "4 in the four NC well histograms and dot plots of each instance like the gate seen in Figure ",
            "5. 14.1.3.2 If any of the NC dot plots show an abnormal population of positive cells like that seen in Figure ",
            "8, the assay instance will fail visual assessment for the NC per Section ",
            "15.2.2. 14.1.3.3 When the P",
            "3 gate is finalized it should be applied to all wells of the assay instance and the appropriate reason documented in the audit trail.",
            "14.1.4 If any of the DPC histograms show an abnormal double peak like that seen in Figure ",
            "8, the assay instance will fail visual assessment for the DPC per Section "
        ],
        {
            "Data Analysis": [
                "14.1.1 The exact shape and locations of cell populations and gates are expected to be different between instruments. All gates should be properly shaped and sized to select for the relevant cell populations shown in the Figures.",
                "14.1.1 The exact shape and locations of cell populations and gates are expected to be",
                [
                    "14.1.2.1 The P",
                    "1 gate should encompass the entire viable cell population. See Figure ",
                    "5 for an example.",
                    "14.1.2.2 The P",
                    "2 gate should encompass the entire single cell population. See Figure ",
                    "5 for an example.",
                    "14.1.2.3 If any gate is changed, in the Audit Trail drop down select “Provide Reason for Change” and document the reason for the gate change. For example: moved P",
                    "1 gate to encompass the entire population."
                ],
                [
                    "14.1.3.1 The gate should be set so the S",
                    "1 + % parent population averages to ",
                    "4 in the four NC well histograms and dot plots of each instance like the gate seen in Figure ",
                    "5. 14.1.3.2 If any of the NC dot plots show an abnormal population of positive cells like that seen in Figure ",
                    "8, the assay instance will fail visual assessment for the NC per Section ",
                    "15.2.2. 14.1.3.3 When the P",
                    "3 gate is finalized it should be applied to all wells of the assay instance and the appropriate reason documented in the audit trail."
                ],
                "14.1.5 Approve each NC, DPC, and sample by selecting “ Approve ”.",
                "Figure 5. Representative Cell Population Gates"
            ]
        },
        {
            "Results": [
                "14.2.1 The data report from each well is exported as a pdf including the plots and the well statistics see Figure 6 and Figure 7 for examples.",
                "14.2.1 The data report from each well is exported as a pdf including the plots and the",
                "Figure 6. Example NC Statistics Box and Hierarchy",
                "Figure 7. Representative Flow Cytometry Plots",
                "Figure 8. Examples of Anormal Data"
            ]
        },
        {
            "Calculations and Formulae": [
                "Data analysis may be performed manually for calculations as well as assay and sample acceptance criteria evaluations.",
                "The calculations for the assay include the following steps in sequence. 1) Mean S1 positive cells of the replicates for each instance; 2) Percent relative standard deviation (RSD) of S1 positive cells for each instance; 3) Mean S1 positive cells, standard deviation and percent RSD for three instances.",
                "The calculations for the assay include the following steps in sequence. 1) Mean S1 positive",
                "cells of the replicates for each instance; 2) Percent relative standard deviation (RSD) of S1",
                "cells of the replicates for each instance; 2) Percent relative standard deviation (RSD) of S1 positive cells for each instance; 3) Mean S1 positive cells, standard deviation and percent RSD for three instances. 14.3.1 Calculate mean S + cells for DPC and TS for each instance 14.3.1.1 Use the “% Parent” of the P3 population for this calculation. For example: in Figure 6 the values for the quadruplicates are 2.53, 5.22, 2.97, and 3.76. 14.3.1.2 Calculate the mean S1 + expression (%), % of Parent as follows: S1 = S1 \u0000 \u0000\u0000\u0000\u0000 + S1 \u0000 \u0000\u0000\u0000\u0000 + S1 \u0000 \u0000\u0000\u0000\u0000 + S1 \u0000 \u0000\u0000\u0000\u0000 4 14.3.2 Calculate RSD (%) of S1 + cells for DPC and TS for each instance. 14.3.2.1 Calculate the %RSD as follows: stdev= \u0000∑ (Χ i -m) 2 ni=1 n-1 , where Χ \u0000 is a test result, n is the number of test results %RSD= stdev S1 ×100% 14.3.3 Calculate the mean S1 + (mS1), standard deviation (mstdev) and %RSD (mRSD) for DPC and TS for the three instances using the following equations. 14.3.3.1 The final reportable value is determined from the mean of three instances. The individual instances S1 + (%) values are averaged prior to rounding (Ex. for 61.91, 57.33, and 59.33 the values are averaged as 59.52 and reported as 60%). The averaged result is reported to a whole number. mS1= S1 \u0000\u0000\u0000\u0000\u0000\u0000\u0000\u0000 #\u0000 + S1 \u0000\u0000\u0000\u0000\u0000\u0000\u0000\u0000 #\u0000 + S1 \u0000\u0000\u0000\u0000\u0000\u0000\u0000\u0000 #\u0000 3",
                "positive cells for each instance; 3) Mean S1 positive cells, standard deviation and percent",
                "RSD for three instances.",
                "14.3.1 Calculate mean S + cells for DPC and TS for each instance",
                [
                    "14.3.1.1 Use the “% Parent” of the P",
                    "3 population for this calculation. For example: in Figure ",
                    "6 the values for the quadruplicates are ",
                    "2.53, 5.22, 2.97, and ",
                    "3.76. 14.3.1.2 Calculate the mean S"
                ],
                "These criteria are for evaluating that each assay has been performed correctly and that the systems (instrumentation, reagents, etc.) are performing properly as defined during method development. These criteria are not evaluating whether a test sample meets the target or specification limits.",
                "These criteria are for evaluating that each assay has been performed correctly and that the",
                "systems (instrumentation, reagents, etc.) are performing properly as defined during method",
                "specification limits.",
                "Assay acceptance criteria evaluation includes the following steps in sequence: 1) Acquired Events Criteria; 2) NC Criteria; 3) DPC Criteria.",
                "15.1 Acquired Cell Count",
                "Acquired cell count (“Events” for All Events population in Figure 6) is not less than 30,000 and not more than 50,000 total events for all NC and DPC wells. For example: in Figure 6 this value is 50,000 for all quadruplicates. If any of the NC or DPC wells does not meet the criterion, that instance should be repeated.",
                "Acquired cell count (“Events” for All Events population in Figure 6) is not less than 30,000",
                "and not more than 50,000 total events for all NC and DPC wells. For example: in Figure 6",
                "15.2 NC Criteria",
                "If any of the criteria is not met, that instance should be repeated.",
                [
                    "15.2.1 Cell Viability, the “% Parent” of the P",
                    "1 population in Figure ",
                    "6, is ≥ 85% for all NC wells. For example: in Figure ",
                    "6 these values are ",
                    "97.58, 96.98, 96.60 and ",
                    "95.17. 15.2.2 All replicates of the NC should look comparable to each other, respectively, and be visually comparable to Figure ",
                    "5 and Figure "
                ],
                "15.3 DPC Criteria",
                "15.3.1 DPC should meet the following criteria for each instance. If any of the criteria is not met, that instance should be repeated.",
                "15.3.1 DPC should meet the following criteria for each instance. If any of the criteria is",
                [
                    "15.3.1.1 Cell viability, the “% Parent” of the P",
                    "1 population in Figure ",
                    "6, is ≥ 85% for all DPC wells. For example: in Figure ",
                    "6 these values are ",
                    "97.58, 96.98, 96.60 and ",
                    "95.17. 15.3.1.2 All replicates of the DPC should look comparable to each other, respectively, and be visually comparable to Figure ",
                    "5 and Figure "
                ],
                [
                    "15.3.2 DPC should meet the following criteria for the mean and %RSD results of the three instances. If one of criteria is not met, all three instances should be repeated.",
                    "15.3.2.1 The mean S"
                ]
            ]
        }
    ],
    "SAMPLE ACCEPTANCE CRITERIA": [
        "These criteria are for evaluating that each Test Sample (TS) has been prepared and tested properly.",
        [
            "16.1 Each instance for each TS is evaluated separately against the following criteria. If any of these criteria is not met, this is evidence that the performance of that instance was not typical, therefore no result is generated, and the sample test must be repeated for that instance.",
            "16.1.1 Acquired cell count (“Events” for All Events population in Figure ",
            "6) is not less than ",
            "30,000 and not more than ",
            "50,000 total events for each well.",
            "16.1.2 Cell viability, the “% Parent” of the P",
            "1 population in Figure ",
            "6, is ≥ 85% for each well.",
            "16.1.3 All replicates of each TS concentration should look comparable to each other and be visually comparable to Figure "
        ],
        "16.1.4 The %RSD for each TS in each instance is ≤ 23%."
    ]
}