{
    "SOP File": "LAB-2352",
    "MitM Version": 1.01,
    "Extraction Time": "12/13/2021 16:24:27",
    "Header": {
        "Status": "Effective",
        "Effective-Date": "08-Jan-2020",
        "Version": "30.0",
        "Doc-Name": "LAB-2352",
        "Title": "Determination of Percent High Molecular Weight of rFIX Drug Substance by Native SEC"
    },
    "PURPOSE": [
        "The purpose of this procedure is to describe the method for determining the relative percent high molecular weight (HMW) species of rFIX Drug Substance (DS) by native size exclusion chromatography HPLC."
    ],
    "SCOPE": [
        "This procedure describes the method used for determining the percent HMW content of rFIX Drug Substance."
    ],
    "PRINCIPLE": [
        "Size Exclusion Chromatography (SEC) HPLC is an analytical method used to determine relative percent peak area of HMW species for rFIX in drug substance. SEC separates molecules by their hydrodynamic volume. When the analyte is applied to the top of the column bed, molecules that are smaller than the pores of packing material can diffuse into and out of the pores, whereas molecules that are larger do not enter the pores. As a result, the larger molecules pass through the column more quickly and smaller molecules lag behind. Molecules between these extremes elute in order of their molecular size, which is proportional to the log 10 of their molecular weight. Once the species elute, they are detected by UV absorption at 214 nm."
    ],
    "RESPONSIBILITY": [
        "It is the responsibility of all involved in performing this assay and reviewing assay data to assure that this procedure is performed as described, to maintain all logs and files, and to update this procedure when deemed necessary."
    ],
    "STEP 1": [
        {
            "Equipment": [
                [
                    [
                        "Isocratic HPLC system capable of UV detection at 214 nm with appropriate peak integration software",
                        "Appropriate HPLC vials, caps and septa",
                        "Columns o TSK-GEL G3000 SWXL column, 7.8 mm x 30 cm, 5 µm (Tosoh BioScience 08541) with TSK-GEL guard column, 6.0 mm x 4.0 cm, 7 µm (Tosoh BioScience 08543) or o Waters YMC Pack-200 column (DL20S05-3008WT), 300 x 8.0 mm ID, 5um with Waters In-Line Precolumn Filter Assembly (Waters WAT005139)",
                        "Assorted glassware",
                        "Calibrated analytical balance"
                    ]
                ]
            ]
        },
        {
            "Materials": [
                "NOTE: Unless otherwise noted, reagent grade or better materials are used.",
                [
                    [
                        "rFIX Reference Material",
                        "Purified water (Milli-Q or HPLC Grade)",
                        "Sodium Chloride (NaCl) (USP Grade)",
                        "Dibasic Anhydrous Sodium Phosphate (Na2 HPO4) (F.W. 141.96) Certified ACS",
                        "85% Phosphoric Acid (H3PO4) (certified ACS)",
                        "rFIX DS and DP Formulation Buffer, (LWLIMS S/R object: AT134)",
                        "0.2 µ m disposable Filter unit",
                        "Hydrochloric (concentrated) acid (certified ACS)",
                        "L-Histidine (USP grade or better)",
                        "5M Hydrochloric acid, (HCl), (LWLIMS S/R object: AT059) or equivalent grade",
                        "L-Glycine (USP grade) Mallinckrodt, cat. #5104 or equivalent grade",
                        "Sucrose, BioRad, cat. #161-0720 or Pfizer manufacturing PN04409 (N.F. grade or better)",
                        "Vegetable Derived Tween-80, SIGMA, cat. #P6224 or equivalent purity",
                        "Ethanol (USP grade) Aaper or equivalent grade"
                    ]
                ]
            ]
        }
    ],
    "SAFETY CONSIDERATIONS": [
        "General BL-2 laboratory safety should be adhered to while performing these procedures, including donning proper personal protective equipment (PPE).",
        "Use extra caution while handling hazardous chemicals, syringes, and needles.",
        "Chemical splash goggles shall be worn to protect the eyes any time an employee handles corrosive solutions outside of a closed and pressure tight system regardless of amount. Corrosive solutions such as those having a pH<2.0 or >11.5. The specified pH range includes solutions of hydroxides and mineral acids greater than or equal to .01N strength. Goggles shall also be worn for protection against solutions of those weaker acids and bases that are extreme eye hazard, such as glacial acetic acids and ammonium hydroxide."
    ],
    "PROCEDURE": [
        "NOTE: If using the LabWare Laboratory Information Management System (LWLIMS), reference SOP-15700 for activities related to Core Lab Workflow, and SOP-15701 for activities related to Instrument Manager.",
        {
            "Reagent Preparation": [
                "All reagents described in this procedure may be prepared by any of the following departments:  By Quality Control (QC) Personnel as described,",
                "All reagents described in this procedure may be prepared by any of the following departments:",
                [
                    [
                        "By QC Personnel using proportionally equivalent weights or measures, or",
                        "By support functional areas at Pfizer, such as Quality Lab Systems (QLS), as described or equivalent, using proportionally equivalent weights or measures."
                    ]
                ],
                "rFIX SEC Mobile Phase (50 mM Na2HPO4, 150 mM NaCl, pH 7.00), (LWLIMS S/R object: AT049)",
                "Step Action 1 In an appropriate 2 L vessel containing 1000mL purified water add the following:  *14.20 g Na 2 HPO 4  17.5 g NaCl *based on anhydrous dibasic 2 Stir until the solids are dissolved. 3 Adjust the pH to 7.00 ±0.05 using 85% H 3 PO 4 . NOTE: Chemical splash goggles should be worn while handling 85% H 3 PO 4 . 4 Fill to volume with purified water. 5 Filter through a 0.2 µm filter membrane and degas. 6 Expiration date is 30 days from date of preparation when stored at room temperature.",
                "rFIX DS and DP Formulation Buffer (1% Sucrose, 260mM Glycine, 10mM Histidine, 0.005%Tween-80, pH 6.8), (LWLIMS S/R object: AT134)",
                "1 In an appropriate 1L vessel stirring 500mL of purified water add the following: Component FW/MW Amount needed to prepare 1L M or % equivalent L-Glycine 75.07 19.52g 0.26M L-Histidine 155.16 1.55g 0.010M Sucrose 342.3 10.00g 1% Vegetable derived Tween – 80 N/A 0.0540g 0.005% Purified Water N/A ~1000ml N/A 5 M HCl N/A As needed N/A 2 When in solution, take the pH and adjust to 6.80 ± 0.05 at room temperature if necessary, using 5M HCl. NOTE: Chemical splash goggles should be worn while handling 5M HCL. 3 Bring to final volume using purified water and allow to mix completely on stir plate. 4 Filter through a 0.2 µm filter unit. 5 Store the solution at 2-8  C for up to 30 days from date of preparation.",
                "20% Ethanol",
                "Step Action 1 Add 200 mL of Ethanol to a 1L graduated cylinder. 2 Dilute to 1L with Milli-Q water. 3 Expiration date is 6 months or 180 days from the date of preparation when stored at room temperature."
            ]
        },
        {
            "Column Conditioning": [
                "When installing a new column, refer to the vendor’s instruction manual.",
                "NOTE: If the column is new or being taken out of long-term storage, it is recommended to set the flow rate to approximately 0.4 mL/min to avoid exceeding the column’s maximum pressure .",
                "Step Action 1 Prior to run, rinse the column with purified water at 1.0 mL/min for at least 30 minutes. The water rinse is to remove the column storage solution. 2 Equilibrate column at 1.0 mL/min with mobile phase for at least 30 minutes or until a stable baseline is established. New columns may require longer equilibration time. Ensure there is sufficient mobile phase for the entire run. 3 A minimum of 10 injections is required to condition the column. rFIX reference material or assay control may be used. The last 3 injections must be assay control for evaluation of the %HMW against the current control acceptance range. The rFIX reference material should be diluted to 400µg/mL per Section 7.7 and the control should be prepared per Section 7.8. 4 The following acceptance criteria must be met before a column is considered suitable for testing:  Chromatographic profile is similar to the expected resolution (see Attachment A).  The last three injections of the column conditioning must have a total rFIX peak area percent relative standard deviation of ≤ 3% for assay control.  The last three injections of the column conditioning must pass the acceptance criteria for %HMW as outlined in the current control acceptance range documentation. If the above acceptance criteria fail, repeat Steps 2-3. If the acceptance criteria fail again, contact a supervisor. 5 Record Results in LWLIMS."
            ]
        },
        {
            "Column Storage": [
                "Store the column in purified water when the column will not be used. For long-term storage, use 20% ethanol.",
                "NOTE: When putting the column into long-term storage, it is recommended to set the flow rate to approximately 0.4 mL/min to avoid exceeding the column’s maximum pressure."
            ]
        },
        {
            "Instrument Parameters": [
                "NOTE: Before proceeding, make sure all appropriate HPLC maintenance has been performed and recorded (see SOP-14955).",
                "Program the HPLC system to the following:",
                "Flow Rate 1.0 mL/min Detector 214 nm Injection Volume 50 µL Run Time 25 minutes Column Temperature Constant Temperature around 23ºC (Acceptable range 20ºC - 25ºC) Autosampler 2-8ºC"
            ]
        },
        {
            "System Suitability": [
                "To determine if the system is suitable for use, prepare a control sample (Section 7.8) of rFIX and make a sufficient number of injections such that the chromatographic profile is equivalent to the expected resolution. When the three injections immediately preceding the run have:",
                [
                    [
                        "A relative standard deviation of ≤ 3% for the total rFIX peak area (main peak plus high molecular weight peak)",
                        "The Peak- to- valley ratio for the average of the 3 injections is ≥ 1.6 the system is acceptable for use. See Attachment A for suitable chromatography."
                    ]
                ]
            ]
        },
        {
            "Blank Preparation": [
                "Fill an HPLC vial with rFIX Formulation buffer. Assay blanks in triplicate."
            ]
        },
        {
            "Reference Material Preparation": [
                "Normalize the Reference Material to approximately 400 µ g/mL in rFIX Formulation Buffer. buffer (e.g. for an estimated concentration of ~4 mg/mL, combine 50 uL of sample to 450 uL of Formulation buffer). Record dilution in LWLIMS."
            ]
        },
        {
            "Control Preparation": [
                "Dilute an appropriate BDS batch of rFIX of known protein concentration to approximately 400 µ g/mL in rFIX Formulation Buffer. This control may also be prepared ahead of time, aliquoted and stored at -80  C. The re-evaluation date is determined through statistical analysis and documented in the associated Assay Acceptance Limits per SOP-15276 . Make triplicate injections of each control.",
                "Dilute an appropriate BDS batch of rFIX of known protein concentration to approximately 400"
            ]
        },
        {
            "Sample Preparation": [
                "Dilute sample to approximately 400 µg/mL) with formulation buffer (e.g. for an estimated concentration of ~4 mg/mL, combine 50 uL of sample to 450 uL of Formulation buffer). Prepare triplicate dilutions of each drug substance batch. Inject each dilution once. Record dilution in LWLIMS."
            ]
        },
        {
            "Running the Assay": [
                "After all blanks, controls, Reference Material and samples have been prepared; transfer an appropriate amount of each into individually labeled HPLC vials. The vials are configured as follows:",
                "Buffer Blank System Suitability (Control) Reference Material SamplesControlBuffer Blank",
                "NOTE: It is recommended to bracket samples with an additional control for long runs."
            ]
        }
    ],
    "CALCULATIONS": [
        {
            "Integration": [
                "The area of each peak is defined using the drop baseline method. Integrate as shown in Attachment A .",
                "The area of each peak is defined using the drop baseline method. Integrate as shown in",
                "When integrating the chromatograms, include any shoulder appearing on the decending part of the rFIX peak in the rFIX total peak area."
            ]
        },
        {
            "System Suitability": [
                "For system suitability injections calculate Peak-to-valley ratio (p/v) (which may be done by hand or using appropriate software i.e. Empower) following formula:",
                "Height = height of peak due to HMW",
                "Height end = Height of lowest point of valley separating HMW from rFIX main peak"
            ]
        },
        {
            "Relative Percent Area of High Molecular Weight (%HMW) Species": [
                "The Percent Relative Peak Area of the High Molecular Weight species is calculated by dividing the individual peak area by the total peak area and multiplying by 100. Integrate samples suitability, reference material, sample, and control injections for % HMW."
            ]
        },
        {
            "Data Recording": [
                "Record all appropriate data in LWLIMS."
            ]
        }
    ],
    "ASSAY ACCEPTANCE CRITERIA": [
        [
            [
                "The chromatographic profile of the buffer is similar to the buffer in Attachment B .",
                "The chromatographic profile of the reference material, controls, and system suitability is similar to the reference material (see Attachment A ).",
                "Three acceptable chromatograms are required for reference material, controls and system suitability calculations.",
                "The % RSD of the system suitability total peak area is ≤ 3%.",
                "The Peak- to- valley ratio from system suitability is ≥ 1.6.",
                "The assay control values are within the assay control acceptance range.",
                "The SD of the mean %HMW values for the assay control is ≤ 0.1."
            ]
        ],
        "If the above criteria are not met, the assay is considered invalid and samples will be re assayed."
    ],
    "SAMPLE ACCEPTANCE CRITERIA": [
        "The chromatographic profile of the sample is similar to the reference material in Attachment A. If all three injections are not similar to the chromatogram in Attachment A, an investigation may be required. Consult Supervisor.",
        "If the sample does not meet the acceptance criteria listed in the bullets below, the result is considered invalid and will be reassayed:",
        [
            [
                "Three acceptable chromatograms are required for sample calculations.",
                "The sample injections are bracketed by acceptable assay controls.",
                "The SD of the mean % HMW value per sample is ≤ 0.1."
            ]
        ]
    ],
    "REVISIONHISTORY": [
        "Version Level Rationale for Revision Effective Date 30.0 Change Driver: Per PR# 545423, rFIX concentration will be determined following A280 method; LAB-20964. As a result, removed all references to determination of protein concentration and the standard curve in the Title, Purpose, Scope, Procedure, Calculation, Assay and Sample Acceptance Criteria, and Reported Results sections. Added Reference Material Preparation section to align with Assay and Sample Acceptance criteria for Reference Material profile as standard curve is no longer needed for the assay. Per PR# 548527, added Waters YMC Pack-200 as an alternate column vendor. For clarification, minor formatting updates throughout. Changed Standard Test Method (STM) to procedure throughout. Per revision to SOP-16198 – Section 12.0 ‘Training Level Assessment’ was added to the document, along with a screenshot of the assessment questionnaire. See Document Overlay 29.0 Change Driver: PR # 2423254 Peak –to-valley ratios were updated in Sections 7.5 and 9.5 from ≥ 1.5 to ≥ 1.6 14Nov18 28.0 Change Driver: Change Control PR # 1307216 Added Peak- to- valley ratio criteria for system suitability in section 7.5 and 9.0. Added clarification regarding integration and included Peak-to-valley ratio calculation under section 8.0. 25May16 27.0 Removed references to Test Method LAB-2474 as this STM is obsolete. Removed all references to Drug Product, Reformulated Drug Product and 75% and 100% Formulated Bulk samples. Clarified NOTE under section 7.10 . Removed references to paper forms as they are no longer used. Moved Assay Results section to below the acceptance criteria sections for clarity. December 11, 2013 26.0 Changed Wyeth to Pfizer throughout document. Changed EDMS reference numbers to PDOCS numbers throughout document. Removed expiration date for the assay control and replaced with re-evaluation date per changes to SOP-15276 (CAPA# 200171077). March 13,2013 25.0 Added note on safety goggle use in Safety Considerations section 6.0 and reagent preparation sections 7.1.1 and 7.1.2. Assessment Type: Initial - Performance Revision - Waiver (No Additional Training Required) November 17, 2010 24.0 Updated Column Temperature in sec 7.4 from “Room Temp” to Constant Temperature around 23  C (Acceptable range 20  C-25  C) per CC# 440165; exact wording for column temperature specification is required by Japanese Filing. Formatted document to meet EDMS requirements. Replaced all Doc Alias numbers with new EDMS document # (Name). Updated AT SOP references to LWLIMs S/R object names. March 31, 2010 V Added a note to the Scope section and a comment to the Responsibilities section that changes to this document could be potential for change control. Margins were altered to 1” throughout the document in preparation for migration to EDMS. Sep. 02, 2009 U Changed reference from Standard Operating Procedure to Standard Test Method throughout the document. Clarified Control Preparation and added the period of use for the Drug Substance control and re-evaluation yearly by use of a technical memo. Added reference to rFIX-R DP Formulation Buffer for lab use to Materials and Reagent Preparation sections. Added SOP AT277 to Reference Docs. November 5, 2008",
        "REVISION HISTORY (continued)",
        "Version Level Rationale for Revision Effective Date T Changed Column Temperature from Ambient to Room Temperature. Added note to Column Conditioning and Column Storage Sections recommending a flow rate of 0.4 mL/min. Removed reconstitution volume table in Sample Preparation Section. Revisions made as per CAPA #370385: added a % HMW criteria to column conditioning section. Nov. 05,2008 S Added 75% Formulated Bulk and 100% Formulated Bulk samples to Scope per Memo #QC-AMST-08-094. Changed Wyeth BioPharma to Biotech throughout document. Jun. 18, 2008 R Tween-80 changed to SIGMA cat. #P6224 due to interference of the existing Tween-80. Refer to QC-07-810. Removed reference to MFR#00927 and MFR #04751 in Materials section. Removed the option of obtaining rFIX DS and DP Formulation Buffer from Product Services due to Tween-80. Added preparation of rFIX DS and DP Formulation Buffer to Reagent Preparation section. Add reference to SOP #AT049 to FIX SEC Mobile Phase section. Oct. 03, 2007 Q Document revision per CAPA 228267. Clarified the preparation of mobile phase and removed 1-month option for expiration date. Clarified were MFR #00927 or MFR #04751 can be obtained and removed 1-month option for expiration date. Changed document type from SOP to Test Method. April 18, 2007. P Removed Section 7.2.1. Clarified Sections 7.2.3 and 7.2.5. Removed the 20% ethanol rinse from Section 7.2.6. October 27, 2006 O Added additional information and acceptance criteria for column conditioning in Section 7.2. Removed the references to Potency and labeled potency from Section 7.9.3. Removed all references to 2000 IU dosage. N Added section 6.0 for Safety Considerations, renumbered all sections thereafter. Added Note to section 7.0 with reference to LWLIMS SOP #AQ591 and #AQ594. Sec.7.4: Added reference to FQ665. Added LWLIMS reference to sections 7.6, 7.9.1, 7.11.4, Changed expiration dates of all solutions and reagents to include days. Deleted reference to Form #99F0137 in sections 7.2 and 9.2.1 Notes and references. Added section 9.1.3 to notify Materials Management for any changed result in LWLIMS. Added SOP #AQ591 and #AQ594 to references section. M Added reference to MFR# 04751 in materials section as per change control PR #122194. In reagents section removed preparation of MFR #00927 referencing AT134 as applicable SOP. Changed Central Technical Services to Development Support Services in Reagent Preparation section. L Revise sections 9.1, 9.2 and 9.7 to meet CAPA (CA-04-1236) requirements. Add information, regarding the recording of results, in note section below section 8.2.1. K Clarify section 6.5 to state that the relative standard deviation should be calculated for the peak area. Clarify vial configuration in section 6.10. J Include reconstitution SOP for Drug Product, SOP #AQ348. Changed reporting of results for % HMW for Drug Substance and Drug Product to two significant figures to match significant figures in Product Specifications. Remove Mobile Phase injections. Section 7.6 – Correction of %RSD specification for standards to ≤ 5%. I Added Form 98F0141 to references. Updated Section 6.2 to include column- conditioning procedure. Clarified Assay Acceptance Criteria. Updated materials section. Revised replicate vial % RSD to ≤ 6% for the vials used for concentration and the vials used for specific activity determination. Defined reported result. Added HMW sample acceptance criteria per validation report, QCTR-rFIX-004.",
        "REVISION HISTORY (continued)",
        "Version Level Rationale for Revision Effective Date H Update acceptance criteria to include % RSD for replicate vials. See QC-01-537. To include representative buffer chromatogram (Attachment B). G Change to Word format, include additional equipment and materials needed, specify to degas mobile phase, specify that a standard curve doesn’t have to be run for determination of HMW only, include more sample criteria, included control criteria. Removed MFR #00886, added column storage conditions. Included a representative Millennium 32 chromatogram of reference material. F To include MFR #00927 in reagent preparation. See Memo #BCA97-198 and memo #BCA97-200. E To include information about new dosage form of 2000 IU/vial. See TTD T21005. D To correct formula error. To change the concentration % of the control from 0.2 mg/mL to 0.4 mg/mL. C Update and clarification, section added for Drug Product Potency as per SOP #AQ144. Addition of expiration dates as per accepted practice. B Extend HPLC run time (sect 6.7). A Correction of MFR #00886 preparation. --- New Document"
    ]
}