{
    "pages": {
        "page_no_0": [
            {
                "page_index": 0,
                "type": "Text",
                "final_type": "Text",
                "text": "Title Characterization of RSV Vaccine 847A (PF-06934186) and 847B (PF-06937100) Drug Substance by Size-Exclusion HPLC (SE-HPLC)"
            },
            {
                "page_index": 0,
                "type": "Table",
                "final_type": "Table",
                "text": "Pfizer Controlled Document Document Signatures: Signature Date/Time (GMT) Signature Reason Barlow, Erin 09-Aug-2021 20:23:42 Quality Approval LIU,HONG 09-Aug-2021 20:58:05 Departmental Approval Burke, Rachel 10-Aug-2021 14:15:03 Departmental Approval Mello,Joseph 10-Aug-2021 15:10:48 Departmental Approval Patel,Ila K 10-Aug-2021 15:38:00 Author Approval"
            },
            {
                "page_index": 0,
                "type": "Title",
                "final_type": "Text",
                "text": "Pfizer Controlled Document"
            },
            {
                "page_index": 0,
                "type": "Title",
                "final_type": "Text",
                "text": "Document Signatures:"
            },
            {
                "page_index": 0,
                "type": "Table",
                "final_type": "Table",
                "text": "Signature Date/Time (GMT) Signature Reason Barlow, Erin 09-Aug-2021 20:23:42 Quality Approval LIU,HONG 09-Aug-2021 20:58:05 Departmental Approval Burke, Rachel 10-Aug-2021 14:15:03 Departmental Approval Mello,Joseph 10-Aug-2021 15:10:48 Departmental Approval Patel,Ila K 10-Aug-2021 15:38:00 Author Approval"
            }
        ],
        "page_no_1": [
            {
                "page_index": 1,
                "type": "Figure",
                "final_type": "Figure",
                "text": "TABLE OF CONTENTS TABLE OF CONTENTS.................................................................................................................1 1.0 PURPOSE ..............................................................................................................................2 2.0 SCOPE ...................................................................................................................................2 3.0 PRINCIPLE............................................................................................................................2 4.0 RESPONSIBILITY................................................................................................................2 5.0 EQUIPMENT AND MATERIALS .......................................................................................3 6.0 REAGENTS ...........................................................................................................................3 7.0 SAFETY CONSIDERATIONS .............................................................................................4 8.0 DEFINITIONS .......................................................................................................................4 9.0 REAGENT/SOLUTION PREPARATION............................................................................4 10.0 INSTRUMENT SETTINGS AND CONDITIONS ...............................................................5 11.0 SAMPLES AND SYSTEM SUITABILITY SOLUTION PREPARATION ........................5 12.0 PROCEDURE ........................................................................................................................6 13.0 CALCULATIONS .................................................................................................................8 14.0 SYSTEM SUITABILITY CRITERIA...................................................................................9 15.0 ASSAY ACCEPTANCE CRITERIA ....................................................................................9 16.0 REPORT RESULTS ..............................................................................................................9 17.0 REFERENCES.......................................................................................................................9 18.0 TRAINING LEVEL ASSESSMENT ..................................................................................10 19.0 ATTACHMENTS ................................................................................................................10 avr Site Code / Department / Doc Alias Quality Control Analytical"
            },
            {
                "page_index": 1,
                "type": "Table",
                "final_type": "Table",
                "text": "TABLE OF CONTENTS TABLE OF CONTENTS.................................................................................................................1 1.0 PURPOSE ..............................................................................................................................2 2.0 SCOPE ...................................................................................................................................2 3.0 PRINCIPLE............................................................................................................................2 4.0 RESPONSIBILITY................................................................................................................2 5.0 EQUIPMENT AND MATERIALS .......................................................................................3 6.0 REAGENTS ...........................................................................................................................3 7.0 SAFETY CONSIDERATIONS .............................................................................................4 8.0 DEFINITIONS .......................................................................................................................4 9.0 REAGENT/SOLUTION PREPARATION............................................................................4 10.0 INSTRUMENT SETTINGS AND CONDITIONS ...............................................................5 11.0 SAMPLES AND SYSTEM SUITABILITY SOLUTION PREPARATION ........................5 12.0 PROCEDURE ........................................................................................................................6 13.0 CALCULATIONS .................................................................................................................8 14.0 SYSTEM SUITABILITY CRITERIA...................................................................................9 15.0 ASSAY ACCEPTANCE CRITERIA ....................................................................................9 16.0 REPORT RESULTS ..............................................................................................................9 17.0 REFERENCES.......................................................................................................................9 18.0 TRAINING LEVEL ASSESSMENT ..................................................................................10 19.0 ATTACHMENTS ................................................................................................................10"
            }
        ],
        "page_no_2": [
            {
                "page_index": 2,
                "type": "Title",
                "final_type": "Title",
                "text": "1.0 PURPOSE"
            },
            {
                "page_index": 2,
                "type": "Text",
                "final_type": "Text",
                "text": "The purpose of this document is to describe the procedure for performing the determination of relative percentage of high molecular mass species, trimer, and low molecular mass species for respiratory syncytial virus (RSV) vaccine 847A (PF-06934186) and 847B (PF-06937100) drug substance by size exclusion chromatography (SE-HPLC)."
            },
            {
                "page_index": 2,
                "type": "Title",
                "final_type": "Title",
                "text": "2.0 SCOPE"
            },
            {
                "page_index": 2,
                "type": "Text",
                "final_type": "Text",
                "text": "This procedure applies to RSV 847A (PF-06934186) and 847B (PF-06937100) drug substance release and stability samples."
            },
            {
                "page_index": 2,
                "type": "Title",
                "final_type": "Title",
                "text": "3.0 PRINCIPLE"
            },
            {
                "page_index": 2,
                "type": "Text",
                "final_type": "Text",
                "text": "RSV vaccine antigens (847A and 847B) are recombinant, stabilized RSV F proteins."
            },
            {
                "page_index": 2,
                "type": "Text",
                "final_type": "Text",
                "text": "SE-HPLC is an analytical method used to determine the relative content of high molecular mass species (HMMS), trimer and low molecular mass species (LMMS) in 847A and 847B drug substance. SE-HPLC separates molecules by their hydrodynamic volume. When the analyte is applied to the head of the column bed, molecules that are smaller than the pores of the packing material can diffuse into and out of the pores, whereas those that are larger do not enter the pores. As a result, the larger molecules pass through the column more quickly and smaller molecules more slowly. Once the species elute, they are detected by UV absorption at 280 nm."
            },
            {
                "page_index": 2,
                "type": "Title",
                "final_type": "Title",
                "text": "4.0 RESPONSIBILITY"
            },
            {
                "page_index": 2,
                "type": "Text",
                "final_type": "Text",
                "text": "It is the responsibility of all Quality Control Personnel involved in performing this assay and reviewing assay data to assure that this procedure is performed as described, to report questionable and out-of-specification results to management as soon as possible, to maintain all logs and files, and to update this procedure when deemed necessary. Refer to the Andover site change control procedure, SOP-41502 , to determine if change control is necessary for all revisions to this test method."
            }
        ],
        "page_no_3": [
            {
                "page_index": 3,
                "type": "Title",
                "final_type": "Title",
                "text": "5.0 EQUIPMENT AND MATERIALS"
            },
            {
                "page_index": 3,
                "type": "Text",
                "final_type": "Text",
                "text": "Table 1: Description of Equipment, Instruments and/or Consumables"
            },
            {
                "page_index": 3,
                "type": "Table",
                "final_type": "Table",
                "text": "Qualified HPLC system with operating software and UV detector capable of detection at 280 nm, injection volumes from 5-100 \u00b5L, and sample temperature control at 2-8 \u00b0C. GE Superdex Increase 200 10/300 GL SEC Column, Cytiva Life Sciences, catalog # 28-9909-44 Calibrated analytical balance capable of weighing to 0.01 g Calibrated adjustable pipettes of the appropriate range Pipette tips Assorted Laboratory glassware Appropriate HPLC vials and caps (Waters, catalog # 186000385C, or equivalent) pH meter 0.2 \u00b5m filter (surfactant-free cellulose acetate, Nalgene, catalog 158-0020, or equivalent)"
            },
            {
                "page_index": 3,
                "type": "Title",
                "final_type": "Title",
                "text": "6.0 REAGENTS"
            },
            {
                "page_index": 3,
                "type": "Text",
                "final_type": "Text",
                "text": "Equivalent reagents can be used."
            },
            {
                "page_index": 3,
                "type": "Title",
                "final_type": "Text",
                "text": "Table 2: Reagents and/or Standards"
            },
            {
                "page_index": 3,
                "type": "Table",
                "final_type": "Table",
                "text": "Name Grade/Reference Standard Source Purified water e.g. Milli-Q \uf0b3 18M\u03a9 \uf0d7 cm resistivity 5 M Sodium chloride (NaCl) e.g. Sigma catalog # S6546 0.5 M Sodium Phosphate Buffer, pH 7.5 e.g. Fisher catalog # NC9904365 5 M Sodium hydroxide solution e.g. Fisher catalog # SS256-500 Ethanol e.g. Sigma catalog # 270741 Bovine Serum Albumin Ampules (BSA), 2 mg/mL e.g. Fisher catalog # PI23209 1 N Hydrochloric acid solution e.g. Fisher catalog # SA48-500 Reference Material appropriate for sample type (i.e. 847A and/or 847B)"
            }
        ],
        "page_no_4": [
            {
                "page_index": 4,
                "type": "Title",
                "final_type": "Title",
                "text": "7.0 SAFETY CONSIDERATIONS"
            },
            {
                "page_index": 4,
                "type": "Text",
                "final_type": "Text",
                "text": "Avoid ingestion, inhalation and skin contact with samples and reagents. Refer to SOP-16270 for use of personal protective equipment in the laboratories."
            },
            {
                "page_index": 4,
                "type": "Title",
                "final_type": "Title",
                "text": "8.0 DEFINITIONS"
            },
            {
                "page_index": 4,
                "type": "List",
                "final_type": "List",
                "text": "\uf0b7 HMMS - High Molecular Mass Species is the term used for all peaks of apparent molecular mass greater than the trimer. They elute before the trimer peak. This includes aggregates, if present. \uf0b7 LMMS - Low Molecular Mass Species is the term used for all species of apparent molecular mass less than the trimer. They elute after the trimer peak. \uf0b7 HPLC \u2013 High performance liquid Chromatography \uf0b7 SEC - Size Exclusion Chromatography \uf0b7 UV \u2013 Ultraviolet \uf0b7 QS \u2013 Quantity Sufficient ; i.e. add sufficient solvent to reach required volume \uf0b7 SSS - System Suitability Solution \uf0b7 NMT \u2013 Not More Than"
            },
            {
                "page_index": 4,
                "type": "Title",
                "final_type": "Title",
                "text": "9.0 REAGENT/SOLUTION PREPARATION"
            },
            {
                "page_index": 4,
                "type": "Text",
                "final_type": "Text",
                "text": "All reagents described in this test method may be prepared in the following manner:"
            },
            {
                "page_index": 4,
                "type": "List",
                "final_type": "List",
                "text": "\uf0b7 By QC personnel as described. \uf0b7 By QC personnel using proportionally equivalent weights or measures. \uf0b7 By support functional areas at Pfizer such as current Good Manufacturing Practices (cGMP) Quality Lab Support (QLS), using proportionally equivalent weights or measures."
            },
            {
                "page_index": 4,
                "type": "Text",
                "final_type": "Text",
                "text": "NOTE: If using the LabWare Laboratory Information Management System (LWLIMS) reference SOP-15700 for activities related to Core Lab Workflow, and SOP-15701 for activities related to Instrument Management."
            },
            {
                "page_index": 4,
                "type": "Text",
                "final_type": "Text",
                "text": "NOTE: If using the LabWare Laboratory Information Management System (LWLIMS)"
            },
            {
                "page_index": 4,
                "type": "Text",
                "final_type": "Text",
                "text": "reference SOP-15700 for activities related to Core Lab Workflow, and SOP-15701"
            },
            {
                "page_index": 4,
                "type": "Text",
                "final_type": "Text",
                "text": "for activities related to Instrument Management."
            },
            {
                "page_index": 4,
                "type": "Table",
                "final_type": "Table",
                "text": "Step Action 1 Into 800 mL of purified water, add 40 mL of the 5 M NaCl solution and 100 mL of 0.5 M Sodium Phosphate Buffer (pH 7.5). Mix. 2 Measure the pH and adjust, if needed, to 7.4 \u00b1 0.1 with hydrochloric acid or sodium hydroxide. 3 QS to 1.0 liter with purified water. Mix. 4 Filter the solution using a 0.2 \u00b5m filter unit. 5 The expiration date is one month from date of preparation at room temperature."
            }
        ],
        "page_no_5": [
            {
                "page_index": 5,
                "type": "Title",
                "final_type": "Text",
                "text": "10.0 INSTRUMENT SETTINGS AND CONDITIONS"
            },
            {
                "page_index": 5,
                "type": "Title",
                "final_type": "Text",
                "text": "NOTE : Refer to SOP-16032 for the operation of HPLC equipment. Refer to SOP-14955 for the maintenance of HPLC equipment."
            },
            {
                "page_index": 5,
                "type": "Text",
                "final_type": "Text",
                "text": "Table 3 : Chromatographic Conditions"
            },
            {
                "page_index": 5,
                "type": "Table",
                "final_type": "Table",
                "text": "Condition Setting Mobile Phase 200 mM NaCl, 50 mM Na 2 HPO 4 , pH 7.4 Column thermostat Off Gradient Isocratic Flow rate 0.7 mL/min Run Time 35 minutes Autosampler 5 \u00b1 3\u00b0C Injection volume appropriate volume to load 75 \u00b5g protein Detector wavelength 280 nm"
            },
            {
                "page_index": 5,
                "type": "Title",
                "final_type": "Text",
                "text": "11.0 SAMPLES AND SYSTEM SUITABILITY SOLUTION PREPARATION"
            },
            {
                "page_index": 5,
                "type": "Title",
                "final_type": "Text",
                "text": "NOTE: Scale the preparation of solutions as necessary."
            },
            {
                "page_index": 5,
                "type": "Text",
                "final_type": "Text",
                "text": "NOTE: Due to potential aggregation and loss of prefusion content, RSV 847A DS and 847B DS should not be kept at 2 \u2013 8 \u00b0C or on ice. It is recommended for frozen samples larger than 1mL to be thawed in 25 \u00b0C water bath. Thawed or reconstituted samples should be kept at room temperature when performing analysis, and frozen at \u2264 -40 \u00b0C when not in use."
            },
            {
                "page_index": 5,
                "type": "List",
                "final_type": "List",
                "text": "room temperature when performing analysis, and frozen at \u2264 -40 \u00b0C when not in use. 11.1 System Suitability Solution: Thaw a fresh aliquot of the RSV 847A, and 847B reference material if applicable (see 12.2.3 Note below), mix thoroughly and transfer to a HPLC vial. System suitability solution is injected neat. Inject approximately 75 \u00b5g target load of protein on to the column, using the equation in Section 11.2 . 11.2 Samples: 11.2.1 Samples are injected neat. Mix sample thoroughly and transfer to HPLC vial. Calculate the injection volume needed to obtain approximately 75 \u00b5 g target load of protein on to the column, using the equation below. Round injection volume to whole number. Injection Volume ( \u00b5 L) = 75 \u00b5 g / Sample Conc. (mg/mL) 11.2.2 Example Calculation for a 4.0 mg/mL sample: Injection Volume = 75 \u00b5 g / 4.0 mg/mL = 19 \u00b5 L"
            }
        ],
        "page_no_6": [
            {
                "page_index": 6,
                "type": "Title",
                "final_type": "Title",
                "text": "12.0 PROCEDURE"
            },
            {
                "page_index": 6,
                "type": "Title",
                "final_type": "Text",
                "text": "12.1 Column Conditioning"
            },
            {
                "page_index": 6,
                "type": "Title",
                "final_type": "Text",
                "text": "NOTE: Column conditioning must be performed on all new columns."
            },
            {
                "page_index": 6,
                "type": "List",
                "final_type": "List",
                "text": "12.1.1 For a new column, equilibrate the HPLC system with mobile phase for at least 30 minutes or until a stable baseline is observed. 12.1.2 Make triplicate 50 \u00b5 L injections of BSA (2 mg/mL). 12.1.3 Perform a minimum of ten 150 \u00b5 g injections of RSV reference material, until the %RSD of the percent HMMS from the last three consecutive injections is \u2264 10%."
            },
            {
                "page_index": 6,
                "type": "Text",
                "final_type": "Text",
                "text": "Injection Volume ( \u00b5 L) = 150 \u00b5 g / RSV Reference Material Conc. (mg/mL)"
            },
            {
                "page_index": 6,
                "type": "Title",
                "final_type": "Text",
                "text": "12.2 Running the Assay"
            },
            {
                "page_index": 6,
                "type": "List",
                "final_type": "List",
                "text": "12.2 Running the Assay 12.2.1 Equilibrate the HPLC system using mobile phase for at least 30 minutes or until a stable baseline is observed. 12.2.2 Make injections of the mobile phase at the beginning of each sequence until a stable baseline is observed. 12.2.3 Make an injection of the appropriate Reference Material prior to sample injections, as well as at the end of run. NOTE: System Suitability criteria described in Section 14.0 are calculated from RSV 847A Reference Material. As such, RSV 847A Reference Material should be run on all runs. When RSV 847B samples are included in the run, it is necessary to include 847B Reference Material in addition to RSV 847A Reference Material, to enable the comparison of 847B chromatographic profile to that of Attachment D. 12.2.4 Inject samples. See Table 4 and Table 5 for example sequences. NOTE: 847A samples should be injected within 24 hours of thawing (when stored in autosampler at 2 -8 \u00b0C) and 847B samples within 8 hours, due to sample stability. Sample sets should be planned accordingly. NOTE: A new aliquot of RSV 847A and RSV 847B samples and reference material will need to be pulled for any retest of samples."
            },
            {
                "page_index": 6,
                "type": "Text",
                "final_type": "Text",
                "text": "12.2.4 Inject samples. See Table 4 and Table 5 for example sequences."
            },
            {
                "page_index": 6,
                "type": "Text",
                "final_type": "Text",
                "text": "NOTE: A new aliquot of RSV 847A and RSV 847B samples and reference material will need to be pulled for any retest of samples."
            },
            {
                "page_index": 6,
                "type": "Text",
                "final_type": "Text",
                "text": "Table 4: Example Injection Sequence for 847A Samples"
            },
            {
                "page_index": 6,
                "type": "Table",
                "final_type": "Table",
                "text": "Vial # Vial Name # of Injections Injection Volume 1 Mobile Phase At least 2 20 \u00b5L 2 SSS (847A Reference Material) 3 Variable (75 \u00b5g) 1 3-n Samples 1 Variable (75 \u00b5g) 1 2 847A Reference Material (end of run) 1 Variable (75 \u00b5g) 1 1 See section 11.0"
            }
        ],
        "page_no_7": [
            {
                "page_index": 7,
                "type": "Title",
                "final_type": "Text",
                "text": "Table 5: Example Injection Sequence for 847B Samples"
            },
            {
                "page_index": 7,
                "type": "Table",
                "final_type": "Table",
                "text": "Vial # Vial Name # of Injections Injection Volume 1 Mobile Phase At least 2 20 \u00b5L 2 SSS (847A Reference Material) 3 Variable (75 \u00b5g) 1 3 847B Reference Material 1 Variable (75 \u00b5g) 1 4-n Samples 1 Variable (75 \u00b5g) 1 2 847A Reference Material (end of run) 1 Variable (75 \u00b5g) 1 1 See section 11.0"
            },
            {
                "page_index": 7,
                "type": "List",
                "final_type": "List",
                "text": "12.3 Column Storage If the column is to be stored for more than two days, wash the column with mobile phase at a flow rate of 0.7 mL/minute for at least 100 minutes and then store the column at 2-8 \u00b0 C. 12.4 Data Analysis Examples of how the chromatograms should be integrated are shown in Attachment A-G. 12.4.1 Draw a baseline under the entire RSV F peak. 12.4.2 Separate the high molecular mass species (HMMS) and low molecular mass species (LMMS) of the RSV F protein, if observed from the trimer peak using a vertical drop line or \u201c split peak \u201d function. NOTE: Manual integration is necessary to quantify the peaks due to the following key elements: \uf0b7 More than one peak for HMMS species require manual dropline to integrate the species as a whole peak. \uf0b7 More than one peak for LMMS species require manual dropline to integrate the species as a whole peak. \uf0b7 Incomplete resolution between the HMMS species peak and Trimer peak requires manual drop baseline for appropriate separation. \uf0b7 Incomplete resolution between the LMMS species peak and Trimer"
            },
            {
                "page_index": 7,
                "type": "List",
                "final_type": "List",
                "text": "\uf0b7 More than one peak for HMMS species require manual dropline to integrate the species as a whole peak. \uf0b7 More than one peak for LMMS species require manual dropline to integrate the species as a whole peak. \uf0b7 Incomplete resolution between the HMMS species peak and Trimer peak requires manual drop baseline for appropriate separation. \uf0b7 Incomplete resolution between the LMMS species peak and Trimer peak requires manual drop baseline for appropriate separation."
            }
        ],
        "page_no_8": [
            {
                "page_index": 8,
                "type": "Title",
                "final_type": "Title",
                "text": "13.0 CALCULATIONS"
            },
            {
                "page_index": 8,
                "type": "Text",
                "final_type": "Text",
                "text": "13.1 Calculate the percent HMMS using the following equation:"
            },
            {
                "page_index": 8,
                "type": "Text",
                "final_type": "Text",
                "text": "%HMMS = A HMMS / Total Peak Area x 100"
            },
            {
                "page_index": 8,
                "type": "Text",
                "final_type": "Text",
                "text": "Where:"
            },
            {
                "page_index": 8,
                "type": "Text",
                "final_type": "Text",
                "text": "A HMMS = area of HMMS peak(s)"
            },
            {
                "page_index": 8,
                "type": "Text",
                "final_type": "Text",
                "text": "Total Peak Area = sum of all peak areas (excluding buffer related peaks)."
            },
            {
                "page_index": 8,
                "type": "Text",
                "final_type": "Text",
                "text": "13.2 Calculate the percent Trimer using the following equation:"
            },
            {
                "page_index": 8,
                "type": "Text",
                "final_type": "Text",
                "text": "A Trimer = area of Trimer peak"
            },
            {
                "page_index": 8,
                "type": "Text",
                "final_type": "Text",
                "text": "13.3 Calculate the percent LMMS using the following equation:"
            },
            {
                "page_index": 8,
                "type": "Text",
                "final_type": "Text",
                "text": "%LMMS = A LMMS / Total Peak Area x 100"
            },
            {
                "page_index": 8,
                "type": "Text",
                "final_type": "Text",
                "text": "A LMMS = area of LMMS peak"
            },
            {
                "page_index": 8,
                "type": "Text",
                "final_type": "Text",
                "text": "13.4 Calculate the USP Tailing Factor according to the following equation:"
            },
            {
                "page_index": 8,
                "type": "Text",
                "final_type": "Text",
                "text": "W is the width at 5% of peak height"
            },
            {
                "page_index": 8,
                "type": "Text",
                "final_type": "Text",
                "text": "Alternatively, these calculations may be made by the HPLC acquisition/ processing software."
            }
        ],
        "page_no_9": [
            {
                "page_index": 9,
                "type": "Title",
                "final_type": "Title",
                "text": "14.0 SYSTEM SUITABILITY CRITERIA"
            },
            {
                "page_index": 9,
                "type": "List",
                "final_type": "List",
                "text": "14.1 The USP Tailing Factor (Section 13.4) for the RSV F Trimer peak for the system suitability injections must be 0.90 - 1.20 14.2 Calculate % RSD of total peak area on triplicate injection of SSS (847A RM), performed at the beginning of the run. The %RSD should be \u2264 3%. 14.3 If any of these requirements are not met, the run is invalid. Refer to SOP-15623 for documentation requirements."
            },
            {
                "page_index": 9,
                "type": "Text",
                "final_type": "Text",
                "text": "14.1 The USP Tailing Factor (Section 13.4) for the RSV F Trimer peak for the system"
            },
            {
                "page_index": 9,
                "type": "Text",
                "final_type": "Text",
                "text": "14.2 Calculate % RSD of total peak area on triplicate injection of SSS (847A RM),"
            },
            {
                "page_index": 9,
                "type": "Title",
                "final_type": "Title",
                "text": "15.0 ASSAY ACCEPTANCE CRITERIA"
            },
            {
                "page_index": 9,
                "type": "Text",
                "final_type": "Text",
                "text": "15.1 Reference Material profiles injected at the beginning and the end of the run are"
            },
            {
                "page_index": 9,
                "type": "List",
                "final_type": "List",
                "text": "15.1 Reference Material profiles injected at the beginning and the end of the run are comparable. 15.2 All Reference Material chromatograms must be qualitatively comparable to those shown in Attachments B (847A) or D (847B). Variable levels of HMMS may be seen, as shown in Attachment F and Attachment G . 15.3 If these criteria are not met refer to SOP-15623 for documentation requirements."
            },
            {
                "page_index": 9,
                "type": "Text",
                "final_type": "Text",
                "text": "15.3 If these criteria are not met refer to SOP-15623 for documentation requirements."
            },
            {
                "page_index": 9,
                "type": "Title",
                "final_type": "Title",
                "text": "16.0 REPORT RESULTS"
            },
            {
                "page_index": 9,
                "type": "Table",
                "final_type": "Table",
                "text": "Step Action 1 The reporting limit of HMMS and LMMS is 0.6% for 847A DS and 847B DS. 2 Report the % HMMS, % trimer and % LMMS to one decimal place. 3 For results below reporting limit, report as NMT 0.6%."
            },
            {
                "page_index": 9,
                "type": "Table",
                "final_type": "Table",
                "text": "2 Report the % HMMS, % trimer and % LMMS to one decimal place. 3 For results below reporting limit, report as NMT 0.6%. 17.0 REFERENCES TM100006866 Characterization of RSV Vaccine (PF-06928316) 847A and 847B Drug Substance by Size-Exclusion HPLC (SE-HPLC) VAL100145649 Validation Report of Test Method TM100006866 for RSV 847A Drug Substance using protocol VAL100103142 VAL100146817 Validation Report of TM100006866 SEC for RSV 847B Drug Substance using protocol VAL100103142 INX100467497 Justification for the System Suitability Criteria Change in SE-HPLC RSV DS and DP Methods, TM100006866 and TM100007814"
            },
            {
                "page_index": 9,
                "type": "Title",
                "final_type": "Title",
                "text": "17.0 REFERENCES"
            },
            {
                "page_index": 9,
                "type": "Table",
                "final_type": "Table",
                "text": "TM100006866 Characterization of RSV Vaccine (PF-06928316) 847A and 847B Drug Substance by Size-Exclusion HPLC (SE-HPLC) VAL100145649 Validation Report of Test Method TM100006866 for RSV 847A Drug Substance using protocol VAL100103142 VAL100146817 Validation Report of TM100006866 SEC for RSV 847B Drug Substance using protocol VAL100103142 INX100467497 Justification for the System Suitability Criteria Change in SE-HPLC RSV DS and DP Methods, TM100006866 and TM100007814"
            }
        ],
        "page_no_10": [
            {
                "page_index": 10,
                "type": "Text",
                "final_type": "Text",
                "text": "18.0 TRAINING LEVEL ASSESSMENT"
            },
            {
                "page_index": 10,
                "type": "Table",
                "final_type": "Table",
                "text": ""
            },
            {
                "page_index": 10,
                "type": "Title",
                "final_type": "Title",
                "text": "19.0 ATTACHMENTS"
            },
            {
                "page_index": 10,
                "type": "List",
                "final_type": "List",
                "text": "ATTACHMENT A: Chromatogram of Mobile Phase Blank ATTACHMENT B: Chromatograms of 847A Reference Material ATTACHMENT C: Chromatograms of 847A Drug Substance ATTACHMENT D: Chromatograms of 847B Reference Material ATTACHMENT E: Chromatograms of 847B Drug Substance ATTACHMENT F: Chromatograms of 847A Drug Substance with Elevated HMMS ATTACHMENT G: Chromatograms of 847B Drug Substance with Elevated HMMS"
            },
            {
                "page_index": 10,
                "type": "Text",
                "final_type": "Text",
                "text": "ATTACHMENT G: Chromatograms of 847B Drug Substance with Elevated HMMS"
            }
        ],
        "page_no_11": [
            {
                "page_index": 11,
                "type": "Title",
                "final_type": "Title",
                "text": "ATTACHMENT A"
            },
            {
                "page_index": 11,
                "type": "Text",
                "final_type": "Text",
                "text": "Chromatogram of Mobile Phase Blank"
            },
            {
                "page_index": 11,
                "type": "Figure",
                "final_type": "Figure",
                "text": ""
            }
        ],
        "page_no_12": [
            {
                "page_index": 12,
                "type": "Title",
                "final_type": "Title",
                "text": "ATTACHMENT B"
            },
            {
                "page_index": 12,
                "type": "Text",
                "final_type": "Text",
                "text": "Chromatograms of 847A Reference Material"
            },
            {
                "page_index": 12,
                "type": "Figure",
                "final_type": "Figure",
                "text": ""
            }
        ],
        "page_no_13": [
            {
                "page_index": 13,
                "type": "Title",
                "final_type": "Title",
                "text": "ATTACHMENT C"
            },
            {
                "page_index": 13,
                "type": "Text",
                "final_type": "Text",
                "text": "Chromatograms of 847A Drug Substance"
            },
            {
                "page_index": 13,
                "type": "Figure",
                "final_type": "Figure",
                "text": ""
            }
        ],
        "page_no_14": [
            {
                "page_index": 14,
                "type": "Text",
                "final_type": "Text",
                "text": "Chromatograms of 847B Reference Material"
            },
            {
                "page_index": 14,
                "type": "Figure",
                "final_type": "Figure",
                "text": ""
            }
        ],
        "page_no_15": [
            {
                "page_index": 15,
                "type": "Title",
                "final_type": "Title",
                "text": "ATTACHMENT E"
            },
            {
                "page_index": 15,
                "type": "Text",
                "final_type": "Text",
                "text": "Chromatograms of 847B Drug Substance"
            },
            {
                "page_index": 15,
                "type": "Figure",
                "final_type": "Figure",
                "text": ""
            }
        ],
        "page_no_16": [
            {
                "page_index": 16,
                "type": "Title",
                "final_type": "Title",
                "text": "ATTACHMENT F"
            },
            {
                "page_index": 16,
                "type": "Text",
                "final_type": "Text",
                "text": "Chromatograms of 847A Drug Substance with Elevated HMMS"
            },
            {
                "page_index": 16,
                "type": "Figure",
                "final_type": "Figure",
                "text": ""
            }
        ],
        "page_no_17": [
            {
                "page_index": 17,
                "type": "Title",
                "final_type": "Title",
                "text": "ATTACHMENT G"
            },
            {
                "page_index": 17,
                "type": "Text",
                "final_type": "Text",
                "text": "Chromatograms of 847B Drug Substance with Elevated HMMS"
            },
            {
                "page_index": 17,
                "type": "Figure",
                "final_type": "Figure",
                "text": ""
            }
        ],
        "page_no_18": [
            {
                "page_index": 18,
                "type": "Title",
                "final_type": "Title",
                "text": "REVISION HISTORY"
            },
            {
                "page_index": 18,
                "type": "Table",
                "final_type": "Table",
                "text": "VersionLevel Rationale for Revision Effective Date 3.0 Change Driver : VAL100145649 and VAL100146817, INX100467497 \uf0b7 Section 5.0: Updated SEC Column vendor from GE Healthcare to Cytiva Life Sciences as GE Healthcare is now Cytiva Life Sciences. \uf0b7 Section 8.0: Added \u201cNMT \u2013 Not More Than\u201d. \uf0b7 Section 9.1: Added \u201cMix.\u201d to steps 1 and 3. \uf0b7 Section 11.0: Updated Note to remove flash freezing of samples as fresh aliquot of sample is required for testing. \uf0b7 Section 11.1, 11.2.1: Updated reference and sample preparation sections to add use of a fresh vial and to mix thoroughly prior to placing in HPLC vial. \uf0b7 Section 12.1: Updated sentence to add \u201cmust\u201d, and remove \u201cshould\u201d. \uf0b7 Section 12.2.3: Removed reference to Attachment E and F from system suitability note. \uf0b7 Section 12.2.4: Added a note to pull new aliquots of sample and reference for retests. \uf0b7 Section 12.4: Updated to \u201cAttachment A-G\u201d from \u201cAttachment B-F\u201d as new Attachment G is being added, and included Attachment A to be consistent with Pharmaceutical Sciences method TM100006866. \uf0b7 Section 13.2, 13.3: Added \u201cexcluding buffer related peaks\u201d next to sum of all peak areas. \uf0b7 Section 13.4: Removed Asymmetry plate count calculation formula and replaced with USP Tailing factor calculation formula per INX100467497. \uf0b7 Section 14.1: Removed Asymmetry plate count acceptance criteria and added USP Tailing factor for the RSV F Trimer peak of system suitability injections must be 0.90 \u2013 1.20 \uf0b7 Section 15.2: Updated Attachment reference for variable levels of HMMS to Attachment F and G from Attachment B and D. \uf0b7 Section 16.0, Step 1: Changed from \u201cThe reporting limit of the method\u201d to \u201cThe reporting limit of HMMS and LMMS\u201d. \uf0b7 Section 17.0: Added reference to validation reports VAL100145649, VAL100146817, and USP Tailing justification memo INX100467497 \uf0b7 Section 19.0: Added Attachment G with chromatogram of 847B Drug Substance with elevated HMMS, and updated Attachments A-F with current chromatographic profiles of RM and DS material. Updated sections 14.3 and 15.3 to add \u201cdocumentation requirements\u201d and remove \u201cadditional information\u201d from sentence for clarification. Added TM100006866, VAL100145649, VAL100146817, and INX100467497 to Related External Documents in PDOCS Document Properties.Section 18.0: Updated Training Level Assessment per SOP-16198 See Document Overlay"
            },
            {
                "page_index": 18,
                "type": "Table",
                "final_type": "Table",
                "text": "VersionLevel Rationale for Revision Effective Date 3.0 Change Driver : VAL100145649 and VAL100146817, INX100467497 \uf0b7 Section 5.0: Updated SEC Column vendor from GE Healthcare to Cytiva Life Sciences as GE Healthcare is now Cytiva Life Sciences. \uf0b7 Section 8.0: Added \u201cNMT \u2013 Not More Than\u201d. \uf0b7 Section 9.1: Added \u201cMix.\u201d to steps 1 and 3. \uf0b7 Section 11.0: Updated Note to remove flash freezing of samples as fresh aliquot of sample is required for testing. \uf0b7 Section 11.1, 11.2.1: Updated reference and sample preparation sections to add use of a fresh vial and to mix thoroughly prior to placing in HPLC vial. \uf0b7 Section 12.1: Updated sentence to add \u201cmust\u201d, and remove \u201cshould\u201d. \uf0b7 Section 12.2.3: Removed reference to Attachment E and F from system suitability note. \uf0b7 Section 12.2.4: Added a note to pull new aliquots of sample and reference for retests. \uf0b7 Section 12.4: Updated to \u201cAttachment A-G\u201d from \u201cAttachment B-F\u201d as new Attachment G is being added, and included Attachment A to be consistent with Pharmaceutical Sciences method TM100006866. \uf0b7 Section 13.2, 13.3: Added \u201cexcluding buffer related peaks\u201d next to sum of all peak areas. \uf0b7 Section 13.4: Removed Asymmetry plate count calculation formula and replaced with USP Tailing factor calculation formula per INX100467497. \uf0b7 Section 14.1: Removed Asymmetry plate count acceptance criteria and added USP Tailing factor for the RSV F Trimer peak of system suitability injections must be 0.90 \u2013 1.20 \uf0b7 Section 15.2: Updated Attachment reference for variable levels of HMMS to Attachment F and G from Attachment B and D. \uf0b7 Section 16.0, Step 1: Changed from \u201cThe reporting limit of the method\u201d to \u201cThe reporting limit of HMMS and LMMS\u201d. \uf0b7 Section 17.0: Added reference to validation reports VAL100145649, VAL100146817, and USP Tailing justification memo INX100467497 \uf0b7 Section 19.0: Added Attachment G with chromatogram of 847B Drug Substance with elevated HMMS, and updated Attachments A-F with current chromatographic profiles of RM and DS material. Updated sections 14.3 and 15.3 to add \u201cdocumentation requirements\u201d and remove \u201cadditional information\u201d from sentence for clarification. Added TM100006866, VAL100145649, VAL100146817, and INX100467497 to Related External Documents in PDOCS Document Properties.Section 18.0: Updated Training Level Assessment per SOP-16198 See Document Overlay 2.0 Added note under section 11.0 instructing analyst to not store samples on ice or at 2-8 \u00b0C. Updated training level assessment from revision 1 to 2. 24Feb2021 1.0 New Test Method based on Pharmaceutical Sciences method TM100006866, version 3.0, effective 19Nov2018. 27May2020"
            }
        ]
    },
    "header": {
        "Status": "Effective",
        "Effective-Date": "18-Aug-2021",
        "Version": "3.0",
        "Doc-Name": "LAB-36529",
        "Title": "Characterization of RSV Vaccine 847A (PF-06934186) and 847B (PF-06937100) Drug Substance by Size-Exclusion HPLC (SE-HPLC)"
    }
}