{
    "pages": {
        "page_no_0": [
            {
                "page_index": 0,
                "type": "Text",
                "final_type": "Text",
                "text": "Title mRNA 5'-Cap Relative Quantification of BNT162b2 (PF-07305885)by RNase H digestion, Streptavidin-Biotin Affinity Purification, and LV-UV Analysis"
            },
            {
                "page_index": 0,
                "type": "Table",
                "final_type": "Table",
                "text": "Pfizer Controlled Document Document Signatures: Signature Date/Time (GMT) Signature Reason McDermott,Tammy J 16-Apr-2021 19:55:27 Departmental Approval Stacy Burns, Alison 19-Apr-2021 10:14:35 Departmental Approval LIU,HONG 19-Apr-2021 13:37:24 Departmental Approval Miele,Sharleen M 19-Apr-2021 16:41:29 Quality Approval Mailloux,Phillip A 26-Apr-2021 17:34:08 Author Approval"
            },
            {
                "page_index": 0,
                "type": "Title",
                "final_type": "Text",
                "text": "Pfizer Controlled Document"
            },
            {
                "page_index": 0,
                "type": "Title",
                "final_type": "Text",
                "text": "Document Signatures:"
            },
            {
                "page_index": 0,
                "type": "Table",
                "final_type": "Table",
                "text": "Signature Date/Time (GMT) Signature Reason McDermott,Tammy J 16-Apr-2021 19:55:27 Departmental Approval Stacy Burns, Alison 19-Apr-2021 10:14:35 Departmental Approval LIU,HONG 19-Apr-2021 13:37:24 Departmental Approval Miele,Sharleen M 19-Apr-2021 16:41:29 Quality Approval Mailloux,Phillip A 26-Apr-2021 17:34:08 Author Approval"
            }
        ],
        "page_no_1": [
            {
                "page_index": 1,
                "type": "Title",
                "final_type": "Text",
                "text": "Table of Contents"
            },
            {
                "page_index": 1,
                "type": "Table",
                "final_type": "Table",
                "text": "Table of Contents 1.0 PURPOSE .............................................................................................................. 2 2.0 SCOPE ................................................................................................................... 2 3.0 PRINCIPLE............................................................................................................. 2 4.0 RESPONSIBILITIES............................................................................................... 2 5.0 SAFETY CONSIDERATIONS ................................................................................ 3 6.0 TERMS AND DEFINITIONS................................................................................... 3 7.0 EQUIPMENT .......................................................................................................... 4 8.0 MATERIALS ........................................................................................................... 4 9.0 REAGENTS............................................................................................................ 5 10.0 GENERAL INFORMATION .................................................................................... 6 11.0 REAGENT PREPARATION.................................................................................... 6 12.0 INSTRUMENT SETTINGS ................................................................................... 10 13.0 REFERENCE MATERIAL AND SAMPLE ANALYSIS .......................................... 12 14.0 INTEGRATION GUIDANCE ................................................................................. 15 15.0 CALCULATIONS .................................................................................................. 16 16.0 SYSTEM SUITABILITY ........................................................................................ 16 17.0 ASSAY ACCEPTANCE CRITERIA....................................................................... 17 18.0 SAMPLE ACCEPTANCE CRITERIA.................................................................... 17 19.0 REPORTING OF RESULTS................................................................................. 17 20.0 TRAINING LEVEL ASSESSMENT....................................................................... 18 21.0 REFERENCES ..................................................................................................... 19"
            }
        ],
        "page_no_2": [
            {
                "page_index": 2,
                "type": "Title",
                "final_type": "Title",
                "text": "1.0 PURPOSE"
            },
            {
                "page_index": 2,
                "type": "Text",
                "final_type": "Text",
                "text": "The purpose of this method is to describe a procedure for the relative quantification of the capped mRNA species at the 5\u2032 end of mRNA. This procedure describes the enzymatic treatment of the sample, its affinity purification, and the 5\u2019-Cap relative quantification by ultra-high performance liquid chromatography- ultraviolet absorbance (UPLC-UV) detection."
            },
            {
                "page_index": 2,
                "type": "Title",
                "final_type": "Title",
                "text": "2.0 SCOPE"
            },
            {
                "page_index": 2,
                "type": "Text",
                "final_type": "Text",
                "text": "This procedure is applicable to the modified RNA (modRNA) constructs for PF-07305885, BNT 162b2. The scope of the method includes release, stability and in-process samples for drug substance (DS) containing modRNA in water or HEPES/EDTA buffer This method covers from 30-190% of the nominal column load."
            },
            {
                "page_index": 2,
                "type": "Title",
                "final_type": "Title",
                "text": "3.0 PRINCIPLE"
            },
            {
                "page_index": 2,
                "type": "Text",
                "final_type": "Text",
                "text": "Relative quantification of the 5\u2019 end cap level (5\u2019-Cap) is determined from relative peak areas. This is accomplished by ultra high performance liquid chromatography-ultraviolet absorbance detection (UPLC-UV) analysis of the ensemble of RNA capped and un-capped molecules. The percentage of species that are capped is determined by dividing the percent area for the Capped species by the total area of all 5\u2019 end-related species. This quantification is accomplished by first treating the target mRNA with RNase H after it has been annealed to a biotinylated-probe designed to complement to the last 26 bases of its 5\u2019 end. The resultant duplex is then purified from the larger RNA remnant via biotin-streptavidin affinity purification. After the capped and uncapped species are eluted from the matrix, they are separated by UPLC-UV. All 5\u2019 end-related peaks were previously identified by mass spectrometry."
            },
            {
                "page_index": 2,
                "type": "Title",
                "final_type": "Title",
                "text": "4.0 RESPONSIBILITIES"
            },
            {
                "page_index": 2,
                "type": "Text",
                "final_type": "Text",
                "text": "It is the responsibility of laboratory personnel performing or reviewing this assay to assure that this procedure is performed as described, to maintain all logs and files, and to update the procedure when deemed necessary. Refer to SOP-41502 to assess if the required modifications require a change control."
            }
        ],
        "page_no_3": [
            {
                "page_index": 3,
                "type": "Table",
                "final_type": "Table",
                "text": "5.0 SAFETY CONSIDERATIONS Step Action 1. General BL-2 laboratory safety should be adhered to while performing these procedures, including donning proper personal protective equipment (PPE) such as lab coat, safety glasses and gloves. Refer to SOP-16270 for additional information. 2. Chemical splash goggles shall be worn to protect the eyes any time an employee handles corrosive solution outside of a closed and pressure tight system regardless of amount. Corrosive solution such as those having a pH <2.0 or >11.5. The specified pH reagent includes solutions of hydroxides and mineral acids greater than or equal to 0.01N strength. 3. The etiological properties of the mRNA products may be unknown. Avoid ingestion, inhalation, and skin contact with samples and reagents. Consult Safety Data Sheets (SDS), when available, for additional safety information."
            },
            {
                "page_index": 3,
                "type": "Table",
                "final_type": "Table",
                "text": "6.0 TERMS AND DEFINITIONS Term Definition mRNA Messanger Riboneucleic Acid UPLC Ultra high performance liquid chromatography LNP Lipid nanoparticle HEPES 2-[4-(2-hydroxyethyl)piperazin-1-yl]ethanesulfonic acid EDTA Ethylenediaminetetraacetic acid DS Drug Substance DNA Deoxyribonucleic acid RNase H Ribonuclease H, an endoribonuclease that specifically hydrolyzes the phosphodiester bonds of RNA, when hybridized to DNA BioTEG Biotin-Triethylene glycol"
            }
        ],
        "page_no_4": [
            {
                "page_index": 4,
                "type": "Table",
                "final_type": "Table",
                "text": "7.0 EQUIPMENT Class II Biosafety Cabinet (BSC) Fume Hood Bath Sonicator Calibrated Pipettes capable of delivering 2.5 \u00b5L to 1000 \u00b5L Calibrated ThermoMixer C Eppendorf Thermomixer\u00ae C 120V/50-60 Hz, with 24 x 1.5mL Smartblock and ThermoTop, Cat # 2231000677, or equivalent Calibrated Thermo Cycler Thermofisher Scientific, Applied Biosystems SimpliAmp Thermo Cycler, or equivalent Qualified UPLC system with quaternary pumps capable of delivering a gradient and handling pressure of \u2265 600 bar (9000 psi) and UV detection"
            },
            {
                "page_index": 4,
                "type": "Table",
                "final_type": "Table",
                "text": "8.0 MATERIALS RNaseZap spray ThermoFisher Scientific Cat # AM9780 or equivalent RNaseZap wipes Thermofisher Scientific Cat # AM9786 or equivalent PCR Tubes, RNase free, 0.2 mL ThermoFisher Scientific Cat # AM12230 or equivalent Magnetic rack ThermoFisher Scientific cat # CS15000 or equivalent 1.5 mL Polypropylene microcentrifuge tubes, DNase and RNase free Eppendorf Cat # 022363212 or equivalent Acquity UPLC Oligonucleotide BEH C18 Coumn, 130 \u00c5, 1.7 \u00b5m, 2.1 X 150 mm, 1K -30K Waters Cat # 186005516 Acquity Premier Oligonucleotide BEH C18 column, 130 \u00c5, 1.7 \u00b5m, 2.1 X 150 mm Waters Cat # 186009486 Oligonucleotide Standard (MassPrep OST Standard) for column conditioning Waters Cat # 186004135 AutoSampler vials Waters Cat # 186004631 Pipette Tips, DNase, RNase Free Falcon Tubes, 15 and 50 mL, DNAse and RNase Free Appropriate assorted glassware suitable to measure and store reagents"
            }
        ],
        "page_no_5": [
            {
                "page_index": 5,
                "type": "Table",
                "final_type": "Table",
                "text": "9.0 REAGENTS Purified Water with resistivity of \u2265 18 mOhms, Milli Q or equivalent UltraPure \u2122 1M Tris-HCl Buffer, pH 7.5 ThermoFisher Scientific Cat # 15567027, or equivalent UltraPure \u2122 0.5M EDTA, pH 8.0 ThermoFisher Scientific Cat# 15575020, or equivalent DEPC-Treated Water, Nuclease Free ThermoFisher Scientific Cat # AM9906, or equivalent 1,1,1,3,3,3-Hexafluoro-2-propanol, LCMS grade (HFIP) ThermoFisher Scientific Cat # 60-046-852, or equivalent Triethylamine, LCMS grade (TEA) ThermoFisher Scientific Cat# NC1417016, or equivalent Methanol, Optima \u2122 LC / MS Grade ThermoFisher Scientific Cat # A456, or equivalent Sodium Chloride, 5M, DNase-RNase- Protease free Corning Cat # 46-032-CV Ribonuclease H, stored at -18 to -40 \u00b0C New England Biolabs, Cat # M0297L RNase H 10X buffer New England Biolabs, Cat # B0297S (provided with Ribonuclease H) Biotinylated Probe, 50 \u00b5M or 100 \u00b5M, aliquoted and stored at -20 \u00b0C Commercially Available, custom order: Sequence: 5\u2019GGA CmCmA mGmAmA mGmAmA mUmAmC mUmAmG mUmUmU mAmUmU mCmU/3Bio TEG The first 4 bases at the 5\u2019 end are DNA bases. The remaining bases are RNA bases, methylated at their 2\u2019 ribose oxygen (i.e. mX). The 3\u2019- end is tagged with Biotin-TEG The probe should be ordered as RNase Free, UPLC purified, and as formulated in 100 \u00b5M formulation buffer pH 8.0. Refer to Attachment A for additional information regarding the probe used in this test method Streptavidin-coated magnetic beads, stored at 4 \u00b0C, Dynabeads\u2122 MyOne\u2122 Streptavidin C1 ThermoFisher Scientific Cat # 65002 Reference Material Current Qualified PF-07305885 Reference Material"
            }
        ],
        "page_no_6": [
            {
                "page_index": 6,
                "type": "Table",
                "final_type": "Table",
                "text": "10.0 GENERAL INFORMATION Step Action 1. If using the LabWare Laboratory Information System (LWLIMS), reference SOP - 15700 for all activities related to Core Lab Workflow and SOP-15701 for activities related to Instrument Manager. All data should be entered in LWLIMS, FORM-48732 . 2. Working in a Biosafety Cabinet: \uf0b7 Always wear a laboratory coat, gloves, and BSC-appropriate sleeves. \uf0b7 Ensure that the BSC Blower is on and the sash is at the proper height. \uf0b7 At the beginning of the day, wipe the BSC surfaces with RNaseZap wipes, then isopropanol wipes. \uf0b7 Objects brought into the BSC must first be wiped with RNaseZap wipes, then isopropanol wipes. NOTE: reagent containers should not be wiped with RNaseZap near their opening."
            },
            {
                "page_index": 6,
                "type": "Table",
                "final_type": "Table",
                "text": "11.0 REAGENT PREPARATION \uf0b7 All preparations described are scalable, provided that changes are proportional. \uf0b7 All reagents can be prepared by qualified personnel, or by support groups such as Quality Laboratory Support (QLS). 11.1 Binding and Wash (B&W) Buffer (10 mM Tris-HCl pH 7.5, 1 mM EDTA, 2 M NaCl) \uf0b7 Prepare in a Biosafety cabinet. \uf0b7 Combine the following in a 50 mL Falcon tube: o 16 mL of 5M NaCl o 23.5 mL of DEPC-treated water o 80 \u00b5L of 0.5 M EDTA o 400 \u00b5L of 1M Tris-HCl pH 7.5 \uf0b7 Cap and mix by inversion or vortexing. \uf0b7 Store at room temperature for up to 1 month."
            },
            {
                "page_index": 6,
                "type": "Title",
                "final_type": "Title",
                "text": "11.0 REAGENT PREPARATION"
            },
            {
                "page_index": 6,
                "type": "List",
                "final_type": "List",
                "text": "\uf0b7 All preparations described are scalable, provided that changes are proportional. \uf0b7 All reagents can be prepared by qualified personnel, or by support groups such as Quality Laboratory Support (QLS). 11.1 Binding and Wash (B&W) Buffer (10 mM Tris-HCl pH 7.5, 1 mM EDTA, 2 M NaCl) \uf0b7 Prepare in a Biosafety cabinet. \uf0b7 Combine the following in a 50 mL Falcon tube: o 16 mL of 5M NaCl o 23.5 mL of DEPC-treated water o 80 \u00b5L of 0.5 M EDTA o 400 \u00b5L of 1M Tris-HCl pH 7.5 \uf0b7 Cap and mix by inversion or vortexing. \uf0b7 Store at room temperature for up to 1 month."
            }
        ],
        "page_no_7": [
            {
                "page_index": 7,
                "type": "Table",
                "final_type": "Table",
                "text": "11.0 REAGENT PREPARATION 11.2 Wash Solution B (0.1M NaCl) \uf0b7 Prepare in a biosafety cabinet. \uf0b7 Combine the following in a 50 mL Falcon tube: o 800 \u00b5L of 5M NaCl o 39.2 mL of DEPC-treated water \uf0b7 Cap and mix by inversion or vortexing. \uf0b7 Store at room temperature for up to 1 month. 11.3 Elution Solution (5 mM Tris-HCl pH 7.5, 0.5M EDTA) \uf0b7 Prepare in a biosafety cabinet. \uf0b7 Combine the following in a 50 mL Falcon tube: o 40 mL DEPC-treated water o 200 \u00b5L of 1M Tris-HCl pH 7.5 o 40 \u00b5L of 0.5 M EDTA \uf0b7 Cap and mix by inversion or vortexing. \uf0b7 Store at room temperature for up to 2 weeks. 11.4 Spike Solution (200 mM HFIP, 1% TEA) \uf0b7 Combine the following in a 50 mL Falcon tube: o 10 mL of DEPC-treated water o 217 \u00b5L of HFIP o 103 \u00b5L of TEA \uf0b7 Cap and mix by inversion or vortexing. \uf0b7 Store at room temperature for up to 2 weeks. avr Site Code / Department / Doc Alias LV-UV Analysis Quality Control Analytical"
            },
            {
                "page_index": 7,
                "type": "Table",
                "final_type": "Table",
                "text": "11.2 Wash Solution B (0.1M NaCl) \uf0b7 Prepare in a biosafety cabinet. \uf0b7 Combine the following in a 50 mL Falcon tube: o 800 \u00b5L of 5M NaCl o 39.2 mL of DEPC-treated water \uf0b7 Cap and mix by inversion or vortexing. \uf0b7 Store at room temperature for up to 1 month. 11.3 Elution Solution (5 mM Tris-HCl pH 7.5, 0.5M EDTA) \uf0b7 Prepare in a biosafety cabinet. \uf0b7 Combine the following in a 50 mL Falcon tube: o 40 mL DEPC-treated water o 200 \u00b5L of 1M Tris-HCl pH 7.5 o 40 \u00b5L of 0.5 M EDTA \uf0b7 Cap and mix by inversion or vortexing. \uf0b7 Store at room temperature for up to 2 weeks. 11.4 Spike Solution (200 mM HFIP, 1% TEA) \uf0b7 Combine the following in a 50 mL Falcon tube: o 10 mL of DEPC-treated water o 217 \u00b5L of HFIP o 103 \u00b5L of TEA \uf0b7 Cap and mix by inversion or vortexing. \uf0b7 Store at room temperature for up to 2 weeks."
            }
        ],
        "page_no_8": [
            {
                "page_index": 8,
                "type": "Table",
                "final_type": "Table",
                "text": "11.0 REAGENT PREPARATION 11.5 Mobile Phase A (80 mM HFIP, 0.1% TEA, 5% Methanol) \uf0b7 Prepare in a fume hood. \uf0b7 Combine the folloing in a 1 L graduated cylinder: o 940 mL of purified water o 50 mL of methanol, using a 50 or 100mL graduated cylinder o 8.5 mL of HFIP using a 10 mL graduated cylinder o 1mL of TEA using a pipette NOTE: For smaller preparations, pipetting is advisable. Given the low surface tension and high density of HFIP, this will drip from the pipette tip; therefore keep the HFIP bottle close to the top of the cylinder when aspirating/dispensing \uf0b7 Transfer into a 1L glass bottle and mix by inversion. \uf0b7 Sonicate mobile phase in a bath sonicator for 10 minutes. \uf0b7 Store at room temperature for up to 2 weeks. 11.6 Mobile Phase B (80 mM HFIP, 0.1% TEA, 20% Methanol) \uf0b7 Prepare in a fume hood. \uf0b7 Combine the folloing in a 1 L graduated cylinder: o 790 mL of purified water o 200 mL of methanol, using a 250 mL graduated cylinder o 8.5 mL of HFIP using a 10 mL graduated cylinder o 1mL of TEA using a pipette NOTE: For smaller preparations, pipetting is advisable. Given the low surface tension and high density of HFIP, this will drip from the pipette tip; therefore keep the HFIP"
            },
            {
                "page_index": 8,
                "type": "Table",
                "final_type": "Table",
                "text": "11.5 Mobile Phase A (80 mM HFIP, 0.1% TEA, 5% Methanol) \uf0b7 Prepare in a fume hood. \uf0b7 Combine the folloing in a 1 L graduated cylinder: o 940 mL of purified water o 50 mL of methanol, using a 50 or 100mL graduated cylinder o 8.5 mL of HFIP using a 10 mL graduated cylinder o 1mL of TEA using a pipette NOTE: For smaller preparations, pipetting is advisable. Given the low surface tension and high density of HFIP, this will drip from the pipette tip; therefore keep the HFIP bottle close to the top of the cylinder when aspirating/dispensing \uf0b7 Transfer into a 1L glass bottle and mix by inversion. \uf0b7 Sonicate mobile phase in a bath sonicator for 10 minutes. \uf0b7 Store at room temperature for up to 2 weeks. 11.6 Mobile Phase B (80 mM HFIP, 0.1% TEA, 20% Methanol) \uf0b7 Prepare in a fume hood. \uf0b7 Combine the folloing in a 1 L graduated cylinder: o 790 mL of purified water o 200 mL of methanol, using a 250 mL graduated cylinder o 8.5 mL of HFIP using a 10 mL graduated cylinder o 1mL of TEA using a pipette NOTE: For smaller preparations, pipetting is advisable. Given the low surface tension and high density of HFIP, this will drip from the pipette tip; therefore keep the HFIP bottle close to the top of the cylinder when aspirating/dispensing \uf0b7 Transfer into a 1L glass bottle and mix by inversion. \uf0b7 Sonicate mobile phase in a bath sonicator for 10 minutes. \uf0b7 Store at room temperature for up to 2 weeks."
            }
        ],
        "page_no_9": [
            {
                "page_index": 9,
                "type": "Table",
                "final_type": "Table",
                "text": "11.0 REAGENT PREPARATION 11.7 Mobile Phase C (80 mM HFIP, 0.1% TEA, 50% Methanol) \uf0b7 Prepare in a fume hood. \uf0b7 Combine the folloing in a 1 L graduated cylinder: o 490 mL of purified water o 500 mL of methanol, using a 500 mL graduated cylinder o 8.5 mL of HFIP using a 10 mL graduated cylinder o 1mL of TEA using a pipette NOTE: For smaller preparations, pipetting is advisable. Given the low surface tension and high density of HFIP, this will drip from the pipette tip; therefore keep the HFIP bottle close to the top of the cylinder when aspirating/dispensing \uf0b7 Transfer into a 1L glass bottle and mix by inversion. \uf0b7 Sonicate mobile phase in a bath sonicator for 10 minutes. \uf0b7 Store at room temperature for up to 2 weeks. 11.8 Needle Wash and Seal Wash Solution (5% methanol) \uf0b7 Prepare in a fume hood. \uf0b7 Combine the following in a 1L graduated cylinder: o 950 mL of purified water o 50 mL of methanol using a 100 mL graduated cylinder \uf0b7 Transfer to a 1 L glass bottle and mix well by inversion. \uf0b7 Store at room temperature for up to 6 months."
            },
            {
                "page_index": 9,
                "type": "Table",
                "final_type": "Table",
                "text": "11.7 Mobile Phase C (80 mM HFIP, 0.1% TEA, 50% Methanol) \uf0b7 Prepare in a fume hood. \uf0b7 Combine the folloing in a 1 L graduated cylinder: o 490 mL of purified water o 500 mL of methanol, using a 500 mL graduated cylinder o 8.5 mL of HFIP using a 10 mL graduated cylinder o 1mL of TEA using a pipette NOTE: For smaller preparations, pipetting is advisable. Given the low surface tension and high density of HFIP, this will drip from the pipette tip; therefore keep the HFIP bottle close to the top of the cylinder when aspirating/dispensing \uf0b7 Transfer into a 1L glass bottle and mix by inversion. \uf0b7 Sonicate mobile phase in a bath sonicator for 10 minutes. \uf0b7 Store at room temperature for up to 2 weeks. 11.8 Needle Wash and Seal Wash Solution (5% methanol) \uf0b7 Prepare in a fume hood. \uf0b7 Combine the following in a 1L graduated cylinder: o 950 mL of purified water o 50 mL of methanol using a 100 mL graduated cylinder \uf0b7 Transfer to a 1 L glass bottle and mix well by inversion. \uf0b7 Store at room temperature for up to 6 months. 11.9 Column Wash Solution (90% Methanol) \uf0b7 Prepare in a fume hood. \uf0b7 Combine the following in a 1 L graduated cylinder: o 900 mL of methanol o 100 mL of purified water using a 100 mL graduated cylinder \uf0b7 Transfer to a 1 L glass bottle and mix well by inversion. \uf0b7 Store at room temperature for up to 6 months."
            }
        ],
        "page_no_10": [
            {
                "page_index": 10,
                "type": "Title",
                "final_type": "Title",
                "text": "12.0 INSTRUMENT SETTINGS"
            },
            {
                "page_index": 10,
                "type": "List",
                "final_type": "List",
                "text": "\uf0b7 Set up a calibrated UPLC system. Purge all solvent lines with appropriate mobile phases. Turn on the UV lamp and install the column. Set the column heater to 75 \u00b0C. Equilibrate the column with 65% mobile phase A and 35% mobile phase B at 0.25 mL/min until the column reaches the set temperature and a stable baseline is observed. NOTE: To avoid over-pressurizing the column, ensure the column has come to temperature prior to equilibrating to initial conditions."
            },
            {
                "page_index": 10,
                "type": "Text",
                "final_type": "Text",
                "text": "\uf0b7 See the tables below for the chromatographic and gradient conditions:"
            },
            {
                "page_index": 10,
                "type": "Table",
                "final_type": "Table",
                "text": "Chromatographic conditions: Parameter Materials and Conditions Column Acquity UPLC Oligonucleotide BEH C18 Column 130 \u00c5, 1.7 \u00b5m, 2.1mm X 150mm 1K-30K or Acquity Premier Oligonucleotide BEH C18 column, 130 \u00c5, 1.7 \u00b5m, 2.1 X 150 mm Mobile Phase A 80 mM HFIP, 0.1% TEA, 5% Methanol Mobile Phase B 80 mM HFIP, 0.1% TEA, 20% Methanol Mobile Phase C 80 mM HFIP, 0.1% TEA, 50% Methanol Column Temperature 75 \u00b1 2 \u00b0C Sample Tempeature 5 \u00b1 3 \u00b0C UV Detection / Bandwidth 260 nm / 4 nm Reference Wavelength / Bandwidth 300 nm / 20 nm Run Time 35 minutes Injection Volume 20 \u00b5L Elution Gradient Gradient Settings Time (minutes) Flow Rate (ml/Min) % Mobile Phase A % Mobile Phase B % Mobile Phase C Initial 0.25 65 35 0 4 0.25 65 35 0 16 0.25 30 70 0 17 0.20 0 0 100 20 0.20 0 0 100 21 0.20 65 35 0 34 0.20 65 35 0 34.1 0.25 65 35 0 35 0.25 65 35 0 NOTE: Additional rows can be set in Empower to allow for turn off and store the UPLC system"
            },
            {
                "page_index": 10,
                "type": "Text",
                "final_type": "Text",
                "text": "Chromatographic conditions:"
            },
            {
                "page_index": 10,
                "type": "Table",
                "final_type": "Table",
                "text": "Parameter Materials and Conditions Column Acquity UPLC Oligonucleotide BEH C18 Column 130 \u00c5, 1.7 \u00b5m, 2.1mm X 150mm 1K-30K or Acquity Premier Oligonucleotide BEH C18 column, 130 \u00c5, 1.7 \u00b5m, 2.1 X 150 mm Mobile Phase A 80 mM HFIP, 0.1% TEA, 5% Methanol Mobile Phase B 80 mM HFIP, 0.1% TEA, 20% Methanol Mobile Phase C 80 mM HFIP, 0.1% TEA, 50% Methanol Column Temperature 75 \u00b1 2 \u00b0C Sample Tempeature 5 \u00b1 3 \u00b0C UV Detection / Bandwidth 260 nm / 4 nm Reference Wavelength / Bandwidth 300 nm / 20 nm Run Time 35 minutes Injection Volume 20 \u00b5L Elution Gradient Gradient Settings Time (minutes) Flow Rate (ml/Min) % Mobile Phase A % Mobile Phase B % Mobile Phase C Initial 0.25 65 35 0 4 0.25 65 35 0 16 0.25 30 70 0 17 0.20 0 0 100 20 0.20 0 0 100 21 0.20 65 35 0 34 0.20 65 35 0 34.1 0.25 65 35 0 35 0.25 65 35 0 NOTE: Additional rows can be set in Empower to allow for turn off and store the"
            }
        ],
        "page_no_11": [
            {
                "page_index": 11,
                "type": "Figure",
                "final_type": "Figure",
                "text": "\uf0b7 Column Conditioning: o For a new column, perform 8-10 column conditioning injections of the Oligonucleotide Standard (MassPrep OST Standard). o For columns in service equilibrate per conditions stated in this section. \uf0b7 Sample Sequence o Perform at least 2 injections of Mobile Phase A as blanks. o Perform 1 injection of reference material for column conditioning. o Perform 3 injections of reference material for system suitability. o Perform 1 injection of each test sample. o Perform 1 injection of reference material after the last test sample. NOTE: An additional reference material injection must be performed after 10 or fewer injections of sample. o An example sample set is shown in the table below: Example Sample Set Method Vial Sample description Number of Injections Injection Volume (\u00b5L) 1 Mobile Phase A blank \u2265 2 20 2 Reference Material (column conditioning) 1 20 2 Reference Material (System Suitability) 3 20 3-X Test Sample(s) 1 20 2 Reference Material (bracketing end of run) 1 20 \uf0b7 UPLC System Shutdown o After the sample set method is completed, turn off the UV lamp. o Wash the column with 100% column wash solution (90% Methanol) at a flow rate of 0.25 mL/min for 60-120 minutes. o Turn off column heater. o Store the column in column wash solution. LAB-37879 Doc Name avr 05-May-2021 Effective Effective Date Title Site Code / Department / Doc Alias 1.0 Status mRNA 5'-Cap Relative Quantification of BNT162b2 (PF-07305885)by RNase H digestion, Streptavidin-Biotin Affinity Purification, and LV-UV Analysis Quality Control Analytical Version"
            },
            {
                "page_index": 11,
                "type": "Table",
                "final_type": "Table",
                "text": "\uf0b7 Column Conditioning: o For a new column, perform 8-10 column conditioning injections of the Oligonucleotide Standard (MassPrep OST Standard). o For columns in service equilibrate per conditions stated in this section. \uf0b7 Sample Sequence o Perform at least 2 injections of Mobile Phase A as blanks. o Perform 1 injection of reference material for column conditioning. o Perform 3 injections of reference material for system suitability. o Perform 1 injection of each test sample. o Perform 1 injection of reference material after the last test sample. NOTE: An additional reference material injection must be performed after 10 or fewer injections of sample. o An example sample set is shown in the table below: Example Sample Set Method Vial Sample description Number of Injections Injection Volume (\u00b5L) 1 Mobile Phase A blank \u2265 2 20 2 Reference Material (column conditioning) 1 20 2 Reference Material (System Suitability) 3 20 3-X Test Sample(s) 1 20 2 Reference Material (bracketing end of run) 1 20 \uf0b7 UPLC System Shutdown LAB-37879 Doc Name avr 05-May-2021 Effective Effective Date Title Site Code / Department / Doc Alias 1.0 Status mRNA 5'-Cap Relative Quantification of BNT162b2 (PF-07305885)by RNase H digestion, Streptavidin-Biotin Affinity Purification, and LV-UV Analysis Quality Control Analytical Version"
            },
            {
                "page_index": 11,
                "type": "Text",
                "final_type": "Text",
                "text": "o An example sample set is shown in the table below:"
            },
            {
                "page_index": 11,
                "type": "Table",
                "final_type": "Table",
                "text": "Example Sample Set Method Vial Sample description Number of Injections Injection Volume (\u00b5L) 1 Mobile Phase A blank \u2265 2 20 2 Reference Material (column conditioning) 1 20 2 Reference Material (System Suitability) 3 20 3-X Test Sample(s) 1 20 2 Reference Material (bracketing end of run) 1 20"
            },
            {
                "page_index": 11,
                "type": "List",
                "final_type": "List",
                "text": "\uf0b7 UPLC System Shutdown o After the sample set method is completed, turn off the UV lamp. o Wash the column with 100% column wash solution (90% Methanol) at a flow rate of 0.25 mL/min for 60-120 minutes. o Turn off column heater. o Store the column in column wash solution. NOTE: These parameters can be added to the instrument method or created as a separate method and added to the end of the sample set"
            }
        ],
        "page_no_12": [
            {
                "page_index": 12,
                "type": "Figure",
                "final_type": "Figure",
                "text": "13.0 REFERENCE MATERIAL AND SAMPLE ANALYSIS Step Action 1. \uf0b7 Annealing the Probe to RNA Prepare in a Biosafety Cabinet (The Thermocycler does not need to be in the BSC). NOTE: All preparations are scalable, provided the chnages are proportional. o Obtain PCR tubes for reference material and for each sample. \uf0b7 Reference material and samples require 40 picomoles of mRNA. Calculate the volume using the following formula: NOTE: Attachment B lists the molecular weights for the modRNA constructs. For example: a 1.7 mg/mL solution of modRNA BNT162b2 would require 40 X 1388651 X 0.000001 \u00f7 1.7 = 32.7 \u00b5L NOTE: Ensure enough volume of reference material is prepared to account for all reference material injections. \uf0b7 To each PCR tube, add: 1. Calculated amount of reference material or sample. 2. 10 \u00b5L of 10X RNase H reaction buffer. 3. 5.0 \u00b5L of 50 \u00b5M Probe or 2.5 \u00b5L of 100 \u00b5M Probe. 4. Bring to final volume of 100 \u00b5L using DEPC-treated water. \uf0b7 Cap the tube and vortex to mix. \uf0b7 Anneal the probe to mRNA in the thermocycler using the temperature profile: Temp (\u00b0C) 80 75 70 60 50 45 35 30 22 30 Time (min) 5 2 2 2 2 5 5 2 2 2 2. \uf0b7 RNAse H Cleavage: 1. Prepare in a BSC. 2. Add 10 \u00b5L of RNase H to each PCR tube and vortex to mix. 3. Incubate for 1 hour \u00b1 5 minutes on the thermal cycler at 37 \u00b0C, the thermo cycler step can be performed outside the BSC. avr Site Code / Department / Doc Alias Quality Control Analytical"
            },
            {
                "page_index": 12,
                "type": "List",
                "final_type": "List",
                "text": "13.0 REFERENCE MATERIAL AND SAMPLE ANALYSIS Step Action 1. \uf0b7 Annealing the Probe to RNA Prepare in a Biosafety Cabinet (The Thermocycler does not need to be in the BSC). NOTE: All preparations are scalable, provided the chnages are proportional. o Obtain PCR tubes for reference material and for each sample. \uf0b7 Reference material and samples require 40 picomoles of mRNA. Calculate the volume using the following formula: NOTE: Attachment B lists the molecular weights for the modRNA constructs. For example: a 1.7 mg/mL solution of modRNA BNT162b2 would require 40 X 1388651 X 0.000001 \u00f7 1.7 = 32.7 \u00b5L NOTE: Ensure enough volume of reference material is prepared to account for all reference material injections. \uf0b7 To each PCR tube, add: 1. Calculated amount of reference material or sample. 2. 10 \u00b5L of 10X RNase H reaction buffer. 3. 5.0 \u00b5L of 50 \u00b5M Probe or 2.5 \u00b5L of 100 \u00b5M Probe. 4. Bring to final volume of 100 \u00b5L using DEPC-treated water. \uf0b7 Cap the tube and vortex to mix. \uf0b7 Anneal the probe to mRNA in the thermocycler using the temperature profile: Temp (\u00b0C) 80 75 70 60 50 45 35 30 22 30 Time (min) 5 2 2 2 2 5 5 2 2 2 2. \uf0b7 RNAse H Cleavage: 1. Prepare in a BSC. 2. Add 10 \u00b5L of RNase H to each PCR tube and vortex to mix. 3. Incubate for 1 hour \u00b1 5 minutes on the thermal cycler at 37 \u00b0C, the"
            },
            {
                "page_index": 12,
                "type": "Figure",
                "final_type": "Figure",
                "text": "13.0 REFERENCE MATERIAL AND SAMPLE ANALYSIS Step Action 1. \uf0b7 Annealing the Probe to RNA Prepare in a Biosafety Cabinet (The Thermocycler does not need to be in the BSC). NOTE: All preparations are scalable, provided the chnages are proportional. o Obtain PCR tubes for reference material and for each sample. \uf0b7 Reference material and samples require 40 picomoles of mRNA. Calculate the volume using the following formula: NOTE: Attachment B lists the molecular weights for the modRNA constructs. For example: a 1.7 mg/mL solution of modRNA BNT162b2 would require 40 X 1388651 X 0.000001 \u00f7 1.7 = 32.7 \u00b5L NOTE: Ensure enough volume of reference material is prepared to account for all"
            },
            {
                "page_index": 12,
                "type": "Title",
                "final_type": "Text",
                "text": "13.0 REFERENCE MATERIAL AND SAMPLE ANALYSIS"
            },
            {
                "page_index": 12,
                "type": "Text",
                "final_type": "Text",
                "text": "NOTE: Attachment B lists the molecular weights for the modRNA constructs."
            }
        ],
        "page_no_13": [
            {
                "page_index": 13,
                "type": "Table",
                "final_type": "Table",
                "text": "Pfizer Confidential Page 13 of 24 13.0 REFERENCE MATERIAL AND SAMPLE ANALYSIS Step Action 4. While the cleavage reaction progresses, prepare the Dynabeads as shown in Step 3. 3. \uf0b7 Preparation of Dynabeads: 1. Prepare in a BSC. 2. Remove Dynabeads from 2-8 \u00b0C storage and vortex vigorously to resuspend the beads. NOTE: Each mRNA sample requires 100 \u00b5L of Dynabeads. Use one or more 1.5 mL tubes to prepare the beads. Prepare at least 100 \u00b5L more beads than needed. 3. Transfer the volume of Dynabeads sufficient to prepare all mRNA samples into one or several 1.5 mL microcentrifuge tubes. 4. Each tube can accommodate up to 500 \u00b5L of Dynabeads. 5. The wash volume should not exceed the volume of Dynabeads according to the following table: Dynabead Volume (\u00b5L) 100 200 300 400 500 Wash Volume (\u00b5L) 150 300 450 600 750 6. Wash the beads once with binding and wash buffer. 7. Using the magnetic rack, condense the beads for one minute. 8. Accurately remove and discard the solution by pipette. 9. This solution should be clear at the time of aspiration. 10. Remove the tube from the rack. Add the appropriate volume of binding and wash buffer. 11. Resuspend the beads by vortexing or by pipette action until the solution is homogenous. Ensure to resuspend all the beads clumped to the side of the centrifuge tube where the magnet has focused them. 12. Let stand for 1-2 minutes away from the magnetic rack. The time will depend on the number of samples being prepared. 13. If there are beads in the cap, briefly centrifuge the tubes. 14. Repeat the wash two more times with the binding and wash buffer. 15. When binding and wash buffer washes are complete repeat wash steps once with solution B. 16. After one wash using solution B, repeat wash with solution B using a volume equal to the starting volume of dynabeads. 17. The washed beads can be stored at room temperature for up to 1 hour. 4. \uf0b7 Binding the mRNA probe to the streptavidin-coated Dynabeads: 1. Prepare in a BSC. Accessed By: avr Site Code / Department Uncontrolled Copy / webviewer_admin Doc Alias Quality Control Analytical"
            },
            {
                "page_index": 13,
                "type": "List",
                "final_type": "List",
                "text": "3. mL tubes to prepare the beads. Prepare at least 100 \u00b5L more beads than needed. 3. Transfer the volume of Dynabeads sufficient to prepare all mRNA samples into one or several 1.5 mL microcentrifuge tubes. 4. Each tube can accommodate up to 500 \u00b5L of Dynabeads. 5. The wash volume should not exceed the volume of Dynabeads according to the following table: Dynabead Volume (\u00b5L) 100 200 300 400 500 Wash Volume (\u00b5L) 150 300 450 600 750 6. Wash the beads once with binding and wash buffer. 7. Using the magnetic rack, condense the beads for one minute. 8. Accurately remove and discard the solution by pipette. 9. This solution should be clear at the time of aspiration. 10. Remove the tube from the rack. Add the appropriate volume of binding and wash buffer. 11. Resuspend the beads by vortexing or by pipette action until the solution is homogenous. Ensure to resuspend all the beads clumped to the side of the centrifuge tube where the magnet has focused them. 12. Let stand for 1-2 minutes away from the magnetic rack. The time will depend on the number of samples being prepared. 13. If there are beads in the cap, briefly centrifuge the tubes. 14. Repeat the wash two more times with the binding and wash buffer. 15. When binding and wash buffer washes are complete repeat wash steps once with solution B. 16. After one wash using solution B, repeat wash with solution B using a volume equal to the starting volume of dynabeads. 17. The washed beads can be stored at room temperature for up to 1 hour. 4. \uf0b7 Binding the mRNA probe to the streptavidin-coated Dynabeads:"
            },
            {
                "page_index": 13,
                "type": "Table",
                "final_type": "Table",
                "text": "Dynabead Volume (\u00b5L) 100 200 300 400 500 Wash Volume (\u00b5L) 150 300 450 600 750"
            }
        ],
        "page_no_14": [
            {
                "page_index": 14,
                "type": "Table",
                "final_type": "Table",
                "text": "13.0 REFERENCE MATERIAL AND SAMPLE ANALYSIS Step Action 2. Aliquot 100 \u00b5L of the washed Dynabeads into separate 1.5 mL tubes for each sample. 3. Using the magnetic rack condense the beads for one minute. 4. Accurately remove and discard the solution using a pipette. 5. Remove the tube from the rack. Add the entire volume (approximately 110 \u00b5L) of the annealed mRNA:Probe cleaved with RNase H. 6. Resuspend the beads by vortexing or pipetting up and down until the solution is homogenous. Make sure to resuspend all the beads clumped to the side of the tube where the magnet focused them. 7. Incubate for 30 \u00b1 2 minutes on a Thermomixer at 25 \u00b0C and 650 rpm. The thermomixer does not require the BSC. 5. \uf0b7 5\u2019-Cap purification: 1. Prepare in a BSC. 2. Wash the beads twice with binding and wash buffer per Section 13 Step 3 , using a 200 \u00b5L wash volume. 3. Wash the beads three times with purified water per Section 13 Step 3 , using a 1000 \u00b5L wash volume. 4. Using the magnetic rack condense the beads for one minute. 5. Accurately remove and discard the solution by pipette, ensuring that no solution is left in the tube. 6. Add 100 \u00b5L of the elution solution to each sample. Mix thoroughly by pipetting up and down until the suspension is homogenous. 7. Incubate for 5 minutes with the thermomixer at 90 \u00b0C and 350 rpm. The thermomixer does not require the BSC. 8. Remove from the thermomixer and return samples to the BSC. 9. Using the magnetic rack, condense the beads for 2 minutes. 10. Accurately remove the solution,w hich contains the analyte, by pipette and transfer to new 1.5 mL tubes. 11. Dispose of the Dynabeads appropriately. 6. \uf0b7 Autosampler Vial Preparation: NOTE: Samples can be capped and stored at -15 to -25 \u00b0C for up to 7 days 1. Prepare samples in a BSC. 2. Add 10 \u00b5L of spike solution to each sample then vortex. 3. If necessary, pool the reference material preparations and centrifuge for 15 seconds. Duplicate preparations will yield approximately 170 \u00b5L. avr / Doc Alias Quality Control Analytical"
            },
            {
                "page_index": 14,
                "type": "Table",
                "final_type": "Table",
                "text": "13.0 REFERENCE MATERIAL AND SAMPLE ANALYSIS Step Action 2. Aliquot 100 \u00b5L of the washed Dynabeads into separate 1.5 mL tubes for each sample. 3. Using the magnetic rack condense the beads for one minute. 4. Accurately remove and discard the solution using a pipette. 5. Remove the tube from the rack. Add the entire volume (approximately 110 \u00b5L) of the annealed mRNA:Probe cleaved with RNase H. 6. Resuspend the beads by vortexing or pipetting up and down until the solution is homogenous. Make sure to resuspend all the beads clumped to the side of the tube where the magnet focused them. 7. Incubate for 30 \u00b1 2 minutes on a Thermomixer at 25 \u00b0C and 650 rpm. The thermomixer does not require the BSC. 5. \uf0b7 5\u2019-Cap purification: 1. Prepare in a BSC. 2. Wash the beads twice with binding and wash buffer per Section 13 Step 3 , using a 200 \u00b5L wash volume. 3. Wash the beads three times with purified water per Section 13 Step 3 , using a 1000 \u00b5L wash volume. 4. Using the magnetic rack condense the beads for one minute. 5. Accurately remove and discard the solution by pipette, ensuring that no solution is left in the tube. 6. Add 100 \u00b5L of the elution solution to each sample. Mix thoroughly by pipetting up and down until the suspension is homogenous. 7. Incubate for 5 minutes with the thermomixer at 90 \u00b0C and 350 rpm. The thermomixer does not require the BSC. 8. Remove from the thermomixer and return samples to the BSC. 9. Using the magnetic rack, condense the beads for 2 minutes. 10. Accurately remove the solution,w hich contains the analyte, by pipette and transfer to new 1.5 mL tubes. 11. Dispose of the Dynabeads appropriately. 6. \uf0b7 Autosampler Vial Preparation: NOTE: Samples can be capped and stored at -15 to -25 \u00b0C for up to 7 days 1. Prepare samples in a BSC. 2. Add 10 \u00b5L of spike solution to each sample then vortex. 3. If necessary, pool the reference material preparations and centrifuge for 15 seconds. Duplicate preparations will yield approximately 170 \u00b5L. 4. Transfer contents of reference material into an autosampler vial. Take care not to aspirate any residual beads after centrifuging."
            }
        ],
        "page_no_15": [
            {
                "page_index": 15,
                "type": "Figure",
                "final_type": "Figure",
                "text": "13.0 REFERENCE MATERIAL AND SAMPLE ANALYSIS Step Action 5. Centrifuge samples for 15 seconds. Transfer 85 \u00b5L of each sample to a high recovery autosampler vial. Take care not to aspirate any residual beads after centrifuging. 6. Place the vials in the chilled autosampler tray compartment or store in a cold room at 2-10 \u00b0C. Samples are stable in the autosampler vials for up to 48 hours. avr Site Code / Department / Doc Alias Quality Control Analytical"
            },
            {
                "page_index": 15,
                "type": "Table",
                "final_type": "Table",
                "text": "14.0 INTEGRATION GUIDANCE Step Action 1. Integration consists of three peak regions, Early non-Cap, 5\u2019-Cap, and Late non-Cap. Perform integrations for each reference material and sample as indicated in Attachments D and E. 2. The integration of these regions should be performed using software, such as Waters Empower. 3. An automated process method should be used as a starting point for integration. 4. Manual identification may be required for the following: \uf0b7 To integrate peaks within the region of interest that are \u2265 0.2% peak area. 0.2% is the quantitation limit (QL). \uf0b7 If peaks are not bounded appropriately. Refer to Attachments D and E , manual integration is required to correct the auto integration. 5. A small peak eluting immediately after the main 5\u2019-Cap peak may be inconsistently resolved due to the nature of the species, but has been identified as being included as part of the 5\u2019-Cap peak region. Refer to Attachments D and E. 6. The last Late non-Cap peak may fall below the QL. If so remove this peak from the integrated area. 7. Peak shoulders immediately preceding the main 5\u2019-Cap peak may be inconsistently resolved due to the nature of the species. Examples of expected profiles and integrations can be found in Attachments D and E."
            }
        ],
        "page_no_16": [
            {
                "page_index": 16,
                "type": "Table",
                "final_type": "Table",
                "text": "15.0 CALCULATIONS \uf0b7 All calculations can be performed manually or by Empower. \uf0b7 After integration is performed per section 14 calculate total peak area for all peaks. \uf0b7 Calculate the USP resolution, half height (HH), between the PPP and the 5\u2019-Cap peaks in the reference material injections using the following equation: Where RT is retention time and W is the half height peak width. \uf0b7 Calculate the % relative peak area (%RPA) for the 5\u2019-Cap species for all samples using the following equation: % RPA of 5\u2019-Cap species = (Peak Area of 5\u2019-Cap peak / Total area) x 100 Where, total area = Early non-Cap peak areas + 5\u2019-Cap peak areas + Late non-Cap peak areas."
            },
            {
                "page_index": 16,
                "type": "Table",
                "final_type": "Table",
                "text": "16.0 SYSTEM SUITABILITY \uf0b7 The injection of mobile phase A at the beginning of the sequence should be a stable baseline and have no observable peaks that could interfere with the proper integration of non-Cap related peaks and the 5\u2019-Cap peak. See Attachment C for an example of a suitable blank injection. \uf0b7 For the reference material at the beginning of the assay for system suitability, the chromatographic profile obtained should be visually comparable to that shown in Attachment D and E . NOTE: Peak resolution differences, such as enhanced or decreased resolution may be observed for closely eluting peaks when the reference material chromatogram is compared to the representative profiles in the Attachments. \uf0b7 The %RSD of the total peak area for the three system suitability injections of the reference material must be \u2264 5%. \uf0b7 The USP Resolution half height between the PPP and 5\u2019-Cap peaks of the first system suitability injection should be \u2265 1.0. \uf0b7 If any ciriteria is not met, refer to SOP-15623 for additional information."
            }
        ],
        "page_no_17": [
            {
                "page_index": 17,
                "type": "Table",
                "final_type": "Table",
                "text": "17.0 ASSAY ACCEPTANCE CRITERIA Step Action 1. All applicable system sutability criteria listed in Section 16.0 must be met. 2. The chromatographic profiles obtained for the reference material at the end of the assasy should be visually comparable to the injections performed for system suitability. 3. The USP Resolution HH between the PPP and the 5\u2019-Cap peaks for the reference material at the end of the assay should be \u2265 1.0. 4. If the reference material injection that ends the sample sequence fails criteria Section 17.0 step 3 , but an intermediate reference material injection was made and passes section Section 17.0 step 3 , all samples prior to the intermediate injection are valid but samples between the intermediate reference material injection the failed reference material injection are invalid. Refer to SOP-15623 for additional information."
            },
            {
                "page_index": 17,
                "type": "Table",
                "final_type": "Table",
                "text": "18.0 SAMPLE ACCEPTANCE CRITERIA Step Action 1. The chromatographic profile of the test samples should be visually comparable to the chromatographic profile of the appropriate figure in the Attachments (DS, Attachments D and E). 2. Minor shifts in the chromatographic profile may be observed within an assay and are acceptable. If significant shifts are observed, consult manager and refer to SOP- 15623."
            },
            {
                "page_index": 17,
                "type": "Table",
                "final_type": "Table",
                "text": "19.0 REPORTING OF RESULTS Step Action 1. If all acceptance criteria in Sections 16.0, 17.0, 18.0 are met report the 5\u2019-Cap species as a whole number in LWLIMS."
            }
        ],
        "page_no_18": [
            {
                "page_index": 18,
                "type": "Table",
                "final_type": "Table",
                "text": "20.0 TRAINING LEVEL ASSESSMENT LAB-37879 Doc Name avr 05-May-2021 Effective Effective Date Title Site Code / Department / Doc Alias 1.0 Status mRNA 5'-Cap Relative Quantification of BNT162b2 (PF-07305885)by RNase H digestion, Streptavidin-Biotin Affinity Purification, and LV-UV Analysis Quality Control Analytical Version"
            },
            {
                "page_index": 18,
                "type": "Table",
                "final_type": "Table",
                "text": ""
            }
        ],
        "page_no_19": [
            {
                "page_index": 19,
                "type": "Figure",
                "final_type": "Figure",
                "text": "21.0 REFERENCES Document Number Title TM100010578 mRNA 5\u2019-Cap Relative Quantification by RNase H digestion, Streptavidin-Biotin Affinity Purification, and LC-UV Analysis VAL100136648 Report for the Validation of theTest Method TM10010578 for the Testing of Drug Substance Samples mRNA 5\u2019-Cap Relative Quantification by RNase H Digestion, streptavidin-Biotin Affinity Purification and LC-UV Analysis for PF-07305885 (Drug Substance) INX100438938 Method Development Report for TM100010578: mRNA 5\u2019-Cap Relative Quantification by RNase H digestion, Streptavidin-Biotin Affinity Purification, and LC-UV Analysis avr Site Code / Department / Doc Alias Quality Control Analytical"
            },
            {
                "page_index": 19,
                "type": "Table",
                "final_type": "Table",
                "text": "21.0 REFERENCES Document Number Title TM100010578 mRNA 5\u2019-Cap Relative Quantification by RNase H digestion, Streptavidin-Biotin Affinity Purification, and LC-UV Analysis VAL100136648 Report for the Validation of theTest Method TM10010578 for the Testing of Drug Substance Samples mRNA 5\u2019-Cap Relative Quantification by RNase H Digestion, streptavidin-Biotin Affinity Purification and LC-UV Analysis for PF-07305885 (Drug Substance) INX100438938 Method Development Report for TM100010578: mRNA 5\u2019-Cap Relative Quantification by RNase H digestion, Streptavidin-Biotin Affinity Purification, and LC-UV Analysis"
            },
            {
                "page_index": 19,
                "type": "Table",
                "final_type": "Table",
                "text": "22.0 ATTACHMENTS Attachment Title A Additional information regarding biotinylated probe B List of constructs (Molecular weight) C Representative Chromatographic Profiles of Mobile Phase, Waters HClass UPLC System and Agilent 1260 System D Representative Chromatographic Profiles of System Suitability Control PF-07305885, BNT162b2 (1525), Drug Substance Reference Material (20Y513C201-RM), Waters HClass UPLC System E Representative Chromatographic Profiles of System Suitability Control, PF-07305885, BNT162b2 (1525), Drug Substance Reference Material (20Y513C201-RM), Agilent 1260 System"
            }
        ],
        "page_no_20": [
            {
                "page_index": 20,
                "type": "Title",
                "final_type": "Text",
                "text": "Attachment A"
            },
            {
                "page_index": 20,
                "type": "Title",
                "final_type": "Text",
                "text": "Additional information regarding biotinylated probe"
            },
            {
                "page_index": 20,
                "type": "Table",
                "final_type": "Table",
                "text": "Construct General probe information mRNA sequence modRNA BNT162b2 pST4- 1525 The probe is a 25 or 26 nucleotide oligo designed to complement the equivalent number of bases on the 5\u2019 end of the target RNA. The 3\u2019 end of the probe is biotinylated with the Biotin-TEG group. Most of the probe bases are RNA bases, methylated at their 2\u2019 ribose oxygen. The last four bases at the 5\u2019 end of the probe are DNA bases. Cap-agaataaactagtattcttctggtcc"
            },
            {
                "page_index": 20,
                "type": "Title",
                "final_type": "Text",
                "text": "Attachment B"
            },
            {
                "page_index": 20,
                "type": "Title",
                "final_type": "Text",
                "text": "List of constructs (Molecular weight)"
            },
            {
                "page_index": 20,
                "type": "Table",
                "final_type": "Table",
                "text": "Construct Number of Nucleotides Molecular Weight (pg/pmol) modRNA BNT162b2 pST4- 1525 4283 1388651"
            }
        ],
        "page_no_21": [
            {
                "page_index": 21,
                "type": "Title",
                "final_type": "Text",
                "text": "Attachment C"
            },
            {
                "page_index": 21,
                "type": "Title",
                "final_type": "Text",
                "text": "Representative Chromatographic Profiles of Mobile Phase"
            },
            {
                "page_index": 21,
                "type": "Text",
                "final_type": "Text",
                "text": "Agilent 1260 System and Waters HClass UPLC System"
            },
            {
                "page_index": 21,
                "type": "Figure",
                "final_type": "Figure",
                "text": ""
            }
        ],
        "page_no_22": [
            {
                "page_index": 22,
                "type": "Title",
                "final_type": "Text",
                "text": "Representative Chromatographic Profiles of System Suitability Control, PF-07305885, BNT162b2 (1525), Drug Substance Reference Material (20Y513C201-RM)"
            },
            {
                "page_index": 22,
                "type": "Text",
                "final_type": "Text",
                "text": "Waters HClass UPLC System"
            },
            {
                "page_index": 22,
                "type": "Figure",
                "final_type": "Figure",
                "text": ""
            }
        ],
        "page_no_23": [
            {
                "page_index": 23,
                "type": "Title",
                "final_type": "Text",
                "text": "Attachment E"
            },
            {
                "page_index": 23,
                "type": "Title",
                "final_type": "Text",
                "text": "Representative Chromatographic Profiles of System Suitability Control, PF- 07305885, BNT162b2 (1525), Drug Substance Reference Material (20Y513C201- RM) Agilent 1260 System"
            },
            {
                "page_index": 23,
                "type": "Figure",
                "final_type": "Figure",
                "text": ""
            }
        ],
        "page_no_24": [
            {
                "page_index": 24,
                "type": "Table",
                "final_type": "Table",
                "text": "Version Level Rationale for Revision Effective Date 1.0 New Document based on GDMS Document TM100010578 version 5.0 and validation document VAL100136648 See Document Overlay"
            }
        ]
    },
    "header": {
        "Status": "Effective",
        "Effective-Date": "05-May-2021",
        "Version": "1.0",
        "Doc-Name": "LAB-37879",
        "Title": "mRNA 5'-Cap Relative Quantification of BNT162b2 (PF-07305885)by RNase H digestion, Streptavidin-Biotin Affinity Purification, and LV-UV Analysis"
    }
}